date,home_team,away_team,home_score,away_score,tournament,city,country,neutral,year,stage,is_group_stage,host_continent,goal_difference,total_goals
1930-07-13,Belgium,United States,0,3,FIFA World Cup,Montevideo,Uruguay,True,1930,Group 4,True,South America,-3,3
1930-07-13,France,Mexico,4,1,FIFA World Cup,Montevideo,Uruguay,True,1930,Group 1,True,South America,3,5
1930-07-14,Brazil,Serbia,1,2,FIFA World Cup,Montevideo,Uruguay,True,1930,Group 2,True,South America,-1,3
1930-07-14,Peru,Romania,1,3,FIFA World Cup,Montevideo,Uruguay,True,1930,Group 3,True,South America,-2,4
1930-07-15,Argentina,France,1,0,FIFA World Cup,Montevideo,Uruguay,True,1930,Group 1,True,South America,1,1
1930-07-16,Chile,Mexico,3,0,FIFA World Cup,Montevideo,Uruguay,True,1930,Group 1,True,South America,3,3
1930-07-17,Bolivia,Serbia,0,4,FIFA World Cup,Montevideo,Uruguay,True,1930,Group 2,True,South America,-4,4
1930-07-17,Paraguay,United States,0,3,FIFA World Cup,Montevideo,Uruguay,True,1930,Group 4,True,South America,-3,3
1930-07-18,Uruguay,Peru,1,0,FIFA World Cup,Montevideo,Uruguay,False,1930,Group 3,True,South America,1,1
1930-07-19,Argentina,Mexico,6,3,FIFA World Cup,Montevideo,Uruguay,True,1930,Group 1,True,South America,3,9
1930-07-19,Chile,France,1,0,FIFA World Cup,Montevideo,Uruguay,True,1930,Group 1,True,South America,1,1
1930-07-20,Belgium,Paraguay,0,1,FIFA World Cup,Montevideo,Uruguay,True,1930,Group 4,True,South America,-1,1
1930-07-20,Bolivia,Brazil,0,4,FIFA World Cup,Montevideo,Uruguay,True,1930,Group 2,True,South America,-4,4
1930-07-21,Uruguay,Romania,4,0,FIFA World Cup,Montevideo,Uruguay,False,1930,Group 3,True,South America,4,4
1930-07-22,Argentina,Chile,3,1,FIFA World Cup,Montevideo,Uruguay,True,1930,Group 1,True,South America,2,4
1930-07-26,Argentina,United States,6,1,FIFA World Cup,Montevideo,Uruguay,True,1930,Semi-finals,False,South America,5,7
1930-07-27,Uruguay,Serbia,6,1,FIFA World Cup,Montevideo,Uruguay,False,1930,Semi-finals,False,South America,5,7
1930-07-30,Uruguay,Argentina,4,2,FIFA World Cup,Montevideo,Uruguay,False,1930,Final,False,South America,2,6
1934-05-27,Argentina,Sweden,2,3,FIFA World Cup,Bologna,Italy,True,1934,Preliminary round,True,Europe,-1,5
1934-05-27,Austria,France,3,2,FIFA World Cup,Turin,Italy,True,1934,Preliminary round,True,Europe,1,5
1934-05-27,Belgium,Germany,2,5,FIFA World Cup,Florence,Italy,True,1934,Preliminary round,True,Europe,-3,7
1934-05-27,Brazil,Spain,1,3,FIFA World Cup,Genoa,Italy,True,1934,Preliminary round,True,Europe,-2,4
1934-05-27,Czech Republic,Romania,2,1,FIFA World Cup,Trieste,Italy,True,1934,Preliminary round,True,Europe,1,3
1934-05-27,Egypt,Hungary,2,4,FIFA World Cup,Naples,Italy,True,1934,Preliminary round,True,Europe,-2,6
1934-05-27,Italy,United States,7,1,FIFA World Cup,Rome,Italy,False,1934,Preliminary round,True,Europe,6,8
1934-05-27,Netherlands,Switzerland,2,3,FIFA World Cup,Milan,Italy,True,1934,Preliminary round,True,Europe,-1,5
1934-05-31,Austria,Hungary,2,1,FIFA World Cup,Bologna,Italy,True,1934,Quarter-finals,False,Europe,1,3
1934-05-31,Czech Republic,Switzerland,3,2,FIFA World Cup,Turin,Italy,True,1934,Quarter-finals,False,Europe,1,5
1934-05-31,Germany,Sweden,2,1,FIFA World Cup,Milan,Italy,True,1934,Quarter-finals,False,Europe,1,3
1934-05-31,Italy,Spain,1,1,FIFA World Cup,Florence,Italy,False,1934,Quarter-finals,False,Europe,0,2
1934-06-01,Italy,Spain,1,0,FIFA World Cup,Florence,Italy,False,1934,Quarter-finals,False,Europe,1,1
1934-06-03,Czech Republic,Germany,3,1,FIFA World Cup,Rome,Italy,True,1934,Semi-finals,False,Europe,2,4
1934-06-03,Italy,Austria,1,0,FIFA World Cup,Milan,Italy,False,1934,Semi-finals,False,Europe,1,1
1934-06-07,Austria,Germany,2,3,FIFA World Cup,Naples,Italy,True,1934,Match for third place,False,Europe,-1,5
1934-06-10,Italy,Czech Republic,2,1,FIFA World Cup,Rome,Italy,False,1934,Final,False,Europe,1,3
1938-06-04,Germany,Switzerland,1,1,FIFA World Cup,Paris,France,True,1938,First round,True,Europe,0,2
1938-06-05,Brazil,Poland,6,5,FIFA World Cup,Strasbourg,France,True,1938,First round,True,Europe,1,11
1938-06-05,Cuba,Romania,3,3,FIFA World Cup,Toulouse,France,True,1938,First round,True,Europe,0,6
1938-06-05,Czech Republic,Netherlands,3,0,FIFA World Cup,Le Havre,France,True,1938,First round,True,Europe,3,3
1938-06-05,France,Belgium,3,1,FIFA World Cup,Colombes,France,False,1938,First round,True,Europe,2,4
1938-06-05,Hungary,Indonesia,6,0,FIFA World Cup,Reims,France,True,1938,First round,True,Europe,6,6
1938-06-05,Italy,Norway,2,1,FIFA World Cup,Marseille,France,True,1938,First round,True,Europe,1,3
1938-06-09,Cuba,Romania,2,1,FIFA World Cup,Toulouse,France,True,1938,First round,True,Europe,1,3
1938-06-09,Germany,Switzerland,2,4,FIFA World Cup,Paris,France,True,1938,First round,True,Europe,-2,6
1938-06-12,Brazil,Czech Republic,1,1,FIFA World Cup,Bordeaux,France,True,1938,Quarter-finals,False,Europe,0,2
1938-06-12,Cuba,Sweden,0,8,FIFA World Cup,Antibes,France,True,1938,Quarter-finals,False,Europe,-8,8
1938-06-12,France,Italy,1,3,FIFA World Cup,Colombes,France,False,1938,Quarter-finals,False,Europe,-2,4
1938-06-12,Hungary,Switzerland,2,0,FIFA World Cup,Lille,France,True,1938,Quarter-finals,False,Europe,2,2
1938-06-14,Brazil,Czech Republic,2,1,FIFA World Cup,Bordeaux,France,True,1938,Quarter-finals,False,Europe,1,3
1938-06-16,Brazil,Italy,1,2,FIFA World Cup,Marseille,France,True,1938,Semi-finals,False,Europe,-1,3
1938-06-16,Hungary,Sweden,5,1,FIFA World Cup,Paris,France,True,1938,Semi-finals,False,Europe,4,6
1938-06-19,Brazil,Sweden,4,2,FIFA World Cup,Bordeaux,France,True,1938,Match for third place,False,Europe,2,6
1938-06-19,Hungary,Italy,2,4,FIFA World Cup,Colombes,France,True,1938,Final,False,Europe,-2,6
1950-06-24,Brazil,Mexico,4,0,FIFA World Cup,Rio de Janeiro,Brazil,False,1950,Group 1,True,South America,4,4
1950-06-25,Chile,England,0,2,FIFA World Cup,Rio de Janeiro,Brazil,True,1950,Group 2,True,South America,-2,2
1950-06-25,Italy,Sweden,2,3,FIFA World Cup,São Paulo,Brazil,True,1950,Group 3,True,South America,-1,5
1950-06-25,Spain,United States,3,1,FIFA World Cup,Curitiba,Brazil,True,1950,Group 2,True,South America,2,4
1950-06-25,Switzerland,Serbia,0,3,FIFA World Cup,Belo Horizonte,Brazil,True,1950,Group 1,True,South America,-3,3
1950-06-28,Brazil,Switzerland,2,2,FIFA World Cup,São Paulo,Brazil,False,1950,Group 1,True,South America,0,4
1950-06-28,Mexico,Serbia,1,4,FIFA World Cup,Porto Alegre,Brazil,True,1950,Group 1,True,South America,-3,5
1950-06-29,Chile,Spain,0,2,FIFA World Cup,Rio de Janeiro,Brazil,True,1950,Group 2,True,South America,-2,2
1950-06-29,England,United States,0,1,FIFA World Cup,Belo Horizonte,Brazil,True,1950,Group 2,True,South America,-1,1
1950-06-29,Paraguay,Sweden,2,2,FIFA World Cup,Curitiba,Brazil,True,1950,Group 3,True,South America,0,4
1950-07-01,Brazil,Serbia,2,0,FIFA World Cup,Rio de Janeiro,Brazil,False,1950,Group 1,True,South America,2,2
1950-07-02,Bolivia,Uruguay,0,8,FIFA World Cup,Belo Horizonte,Brazil,True,1950,Group 4,True,South America,-8,8
1950-07-02,Chile,United States,5,2,FIFA World Cup,Recife,Brazil,True,1950,Group 2,True,South America,3,7
1950-07-02,England,Spain,0,1,FIFA World Cup,Rio de Janeiro,Brazil,True,1950,Group 2,True,South America,-1,1
1950-07-02,Italy,Paraguay,2,0,FIFA World Cup,São Paulo,Brazil,True,1950,Group 3,True,South America,2,2
1950-07-02,Mexico,Switzerland,1,2,FIFA World Cup,Porto Alegre,Brazil,True,1950,Group 1,True,South America,-1,3
1950-07-09,Brazil,Sweden,7,1,FIFA World Cup,Rio de Janeiro,Brazil,False,1950,Group 6,True,South America,6,8
1950-07-09,Spain,Uruguay,2,2,FIFA World Cup,São Paulo,Brazil,True,1950,Group 6,True,South America,0,4
1950-07-13,Brazil,Spain,6,1,FIFA World Cup,Rio de Janeiro,Brazil,False,1950,Group 6,True,South America,5,7
1950-07-13,Sweden,Uruguay,2,3,FIFA World Cup,São Paulo,Brazil,True,1950,Group 6,True,South America,-1,5
1950-07-16,Brazil,Uruguay,1,2,FIFA World Cup,Rio de Janeiro,Brazil,False,1950,Group 6,True,South America,-1,3
1950-07-16,Spain,Sweden,1,3,FIFA World Cup,São Paulo,Brazil,True,1950,Group 6,True,South America,-2,4
1954-06-16,Austria,Scotland,1,0,FIFA World Cup,Zürich,Switzerland,True,1954,Group 3,True,Europe,1,1
1954-06-16,Brazil,Mexico,5,0,FIFA World Cup,Geneva,Switzerland,True,1954,Group 1,True,Europe,5,5
1954-06-16,Czech Republic,Uruguay,0,2,FIFA World Cup,Bern,Switzerland,True,1954,Group 3,True,Europe,-2,2
1954-06-16,France,Serbia,0,1,FIFA World Cup,Lausanne,Switzerland,True,1954,Group 1,True,Europe,-1,1
1954-06-17,Belgium,England,4,4,FIFA World Cup,Basel,Switzerland,True,1954,Group 4,True,Europe,0,8
1954-06-17,Germany,Turkey,4,1,FIFA World Cup,Bern,Switzerland,True,1954,Group 2,True,Europe,3,5
1954-06-17,Hungary,South Korea,9,0,FIFA World Cup,Zürich,Switzerland,True,1954,Group 2,True,Europe,9,9
1954-06-17,Switzerland,Italy,2,1,FIFA World Cup,Lausanne,Switzerland,False,1954,Group 4,True,Europe,1,3
1954-06-19,Austria,Czech Republic,5,0,FIFA World Cup,Zürich,Switzerland,True,1954,Group 3,True,Europe,5,5
1954-06-19,Brazil,Serbia,1,1,FIFA World Cup,Lausanne,Switzerland,True,1954,Group 1,True,Europe,0,2
1954-06-19,France,Mexico,3,2,FIFA World Cup,Geneva,Switzerland,True,1954,Group 1,True,Europe,1,5
1954-06-19,Scotland,Uruguay,0,7,FIFA World Cup,Basel,Switzerland,True,1954,Group 3,True,Europe,-7,7
1954-06-20,Belgium,Italy,1,4,FIFA World Cup,Lugano,Switzerland,True,1954,Group 4,True,Europe,-3,5
1954-06-20,Germany,Hungary,3,8,FIFA World Cup,Basel,Switzerland,True,1954,Group 2,True,Europe,-5,11
1954-06-20,South Korea,Turkey,0,7,FIFA World Cup,Geneva,Switzerland,True,1954,Group 2,True,Europe,-7,7
1954-06-20,Switzerland,England,0,2,FIFA World Cup,Bern,Switzerland,False,1954,Group 4,True,Europe,-2,2
1954-06-23,Germany,Turkey,7,2,FIFA World Cup,Zürich,Switzerland,True,1954,Group 2,True,Europe,5,9
1954-06-23,Switzerland,Italy,4,1,FIFA World Cup,Basel,Switzerland,False,1954,Group 4,True,Europe,3,5
1954-06-26,England,Uruguay,2,4,FIFA World Cup,Basel,Switzerland,True,1954,Quarter-finals,False,Europe,-2,6
1954-06-26,Switzerland,Austria,5,7,FIFA World Cup,Lausanne,Switzerland,False,1954,Quarter-finals,False,Europe,-2,12
1954-06-27,Brazil,Hungary,2,4,FIFA World Cup,Bern,Switzerland,True,1954,Quarter-finals,False,Europe,-2,6
1954-06-27,Germany,Serbia,2,0,FIFA World Cup,Geneva,Switzerland,True,1954,Quarter-finals,False,Europe,2,2
1954-06-30,Austria,Germany,1,6,FIFA World Cup,Basel,Switzerland,True,1954,Semi-finals,False,Europe,-5,7
1954-06-30,Hungary,Uruguay,4,2,FIFA World Cup,Lausanne,Switzerland,True,1954,Semi-finals,False,Europe,2,6
1954-07-03,Austria,Uruguay,3,1,FIFA World Cup,Zürich,Switzerland,True,1954,Match for third place,False,Europe,2,4
1954-07-04,Germany,Hungary,3,2,FIFA World Cup,Bern,Switzerland,True,1954,Final,False,Europe,1,5
1958-06-08,Argentina,Germany,1,3,FIFA World Cup,Malmö,Sweden,True,1958,Group 1,True,Europe,-2,4
1958-06-08,Austria,Brazil,0,3,FIFA World Cup,Uddevalla,Sweden,True,1958,Group 4,True,Europe,-3,3
1958-06-08,Czech Republic,Northern Ireland,0,1,FIFA World Cup,Halmstad,Sweden,True,1958,Group 1,True,Europe,-1,1
1958-06-08,England,Russia,2,2,FIFA World Cup,Gothenburg,Sweden,True,1958,Group 4,True,Europe,0,4
1958-06-08,France,Paraguay,7,3,FIFA World Cup,Norrköping,Sweden,True,1958,Group 2,True,Europe,4,10
1958-06-08,Hungary,Wales,1,1,FIFA World Cup,Sandviken,Sweden,True,1958,Group 3,True,Europe,0,2
1958-06-08,Scotland,Serbia,1,1,FIFA World Cup,Västerås,Sweden,True,1958,Group 2,True,Europe,0,2
1958-06-08,Sweden,Mexico,3,0,FIFA World Cup,Solna,Sweden,False,1958,Group 3,True,Europe,3,3
1958-06-11,Argentina,Northern Ireland,3,1,FIFA World Cup,Halmstad,Sweden,True,1958,Group 1,True,Europe,2,4
1958-06-11,Austria,Russia,0,2,FIFA World Cup,Borås,Sweden,True,1958,Group 4,True,Europe,-2,2
1958-06-11,Brazil,England,0,0,FIFA World Cup,Gothenburg,Sweden,True,1958,Group 4,True,Europe,0,0
1958-06-11,Czech Republic,Germany,2,2,FIFA World Cup,Helsingborg,Sweden,True,1958,Group 1,True,Europe,0,4
1958-06-11,France,Serbia,2,3,FIFA World Cup,Västerås,Sweden,True,1958,Group 2,True,Europe,-1,5
1958-06-11,Mexico,Wales,1,1,FIFA World Cup,Solna,Sweden,True,1958,Group 3,True,Europe,0,2
1958-06-11,Paraguay,Scotland,3,2,FIFA World Cup,Norrköping,Sweden,True,1958,Group 2,True,Europe,1,5
1958-06-12,Sweden,Hungary,2,1,FIFA World Cup,Solna,Sweden,False,1958,Group 3,True,Europe,1,3
1958-06-15,Argentina,Czech Republic,1,6,FIFA World Cup,Helsingborg,Sweden,True,1958,Group 1,True,Europe,-5,7
1958-06-15,Austria,England,2,2,FIFA World Cup,Borås,Sweden,True,1958,Group 4,True,Europe,0,4
1958-06-15,Brazil,Russia,2,0,FIFA World Cup,Gothenburg,Sweden,True,1958,Group 4,True,Europe,2,2
1958-06-15,France,Scotland,2,1,FIFA World Cup,Örebro,Sweden,True,1958,Group 2,True,Europe,1,3
1958-06-15,Germany,Northern Ireland,2,2,FIFA World Cup,Malmö,Sweden,True,1958,Group 1,True,Europe,0,4
1958-06-15,Hungary,Mexico,4,0,FIFA World Cup,Sandviken,Sweden,True,1958,Group 3,True,Europe,4,4
1958-06-15,Paraguay,Serbia,3,3,FIFA World Cup,Eskilstuna,Sweden,True,1958,Group 2,True,Europe,0,6
1958-06-15,Sweden,Wales,0,0,FIFA World Cup,Solna,Sweden,False,1958,Group 3,True,Europe,0,0
1958-06-17,Czech Republic,Northern Ireland,1,2,FIFA World Cup,Malmö,Sweden,True,1958,Group 1,True,Europe,-1,3
1958-06-17,England,Russia,0,1,FIFA World Cup,Gothenburg,Sweden,True,1958,Group 4,True,Europe,-1,1
1958-06-17,Hungary,Wales,1,2,FIFA World Cup,Solna,Sweden,True,1958,Group 3,True,Europe,-1,3
1958-06-19,Brazil,Wales,1,0,FIFA World Cup,Gothenburg,Sweden,True,1958,Quarter-finals,False,Europe,1,1
1958-06-19,France,Northern Ireland,4,0,FIFA World Cup,Norrköping,Sweden,True,1958,Quarter-finals,False,Europe,4,4
1958-06-19,Germany,Serbia,1,0,FIFA World Cup,Malmö,Sweden,True,1958,Quarter-finals,False,Europe,1,1
1958-06-19,Sweden,Russia,2,0,FIFA World Cup,Solna,Sweden,False,1958,Quarter-finals,False,Europe,2,2
1958-06-24,Brazil,France,5,2,FIFA World Cup,Solna,Sweden,True,1958,Semi-finals,False,Europe,3,7
1958-06-24,Sweden,Germany,3,1,FIFA World Cup,Gothenburg,Sweden,False,1958,Semi-finals,False,Europe,2,4
1958-06-28,France,Germany,6,3,FIFA World Cup,Gothenburg,Sweden,True,1958,Match for third place,False,Europe,3,9
1958-06-29,Sweden,Brazil,2,5,FIFA World Cup,Solna,Sweden,False,1958,Final,False,Europe,-3,7
1962-05-30,Argentina,Bulgaria,1,0,FIFA World Cup,Rancagua,Chile,True,1962,Group 4,True,South America,1,1
1962-05-30,Brazil,Mexico,2,0,FIFA World Cup,Viña del Mar,Chile,True,1962,Group 3,True,South America,2,2
1962-05-30,Chile,Switzerland,3,1,FIFA World Cup,Santiago,Chile,False,1962,Group 2,True,South America,2,4
1962-05-30,Colombia,Uruguay,1,2,FIFA World Cup,Arica,Chile,True,1962,Group 1,True,South America,-1,3
1962-05-31,Czech Republic,Spain,1,0,FIFA World Cup,Viña del Mar,Chile,True,1962,Group 3,True,South America,1,1
1962-05-31,England,Hungary,1,2,FIFA World Cup,Rancagua,Chile,True,1962,Group 4,True,South America,-1,3
1962-05-31,Germany,Italy,0,0,FIFA World Cup,Santiago,Chile,True,1962,Group 2,True,South America,0,0
1962-05-31,Russia,Serbia,2,0,FIFA World Cup,Arica,Chile,True,1962,Group 1,True,South America,2,2
1962-06-02,Argentina,England,1,3,FIFA World Cup,Rancagua,Chile,True,1962,Group 4,True,South America,-2,4
1962-06-02,Brazil,Czech Republic,0,0,FIFA World Cup,Viña del Mar,Chile,True,1962,Group 3,True,South America,0,0
1962-06-02,Chile,Italy,2,0,FIFA World Cup,Santiago,Chile,False,1962,Group 2,True,South America,2,2
1962-06-02,Uruguay,Serbia,1,3,FIFA World Cup,Arica,Chile,True,1962,Group 1,True,South America,-2,4
1962-06-03,Bulgaria,Hungary,1,6,FIFA World Cup,Rancagua,Chile,True,1962,Group 4,True,South America,-5,7
1962-06-03,Colombia,Russia,4,4,FIFA World Cup,Arica,Chile,True,1962,Group 1,True,South America,0,8
1962-06-03,Germany,Switzerland,2,1,FIFA World Cup,Santiago,Chile,True,1962,Group 2,True,South America,1,3
1962-06-03,Mexico,Spain,0,1,FIFA World Cup,Viña del Mar,Chile,True,1962,Group 3,True,South America,-1,1
1962-06-06,Argentina,Hungary,0,0,FIFA World Cup,Rancagua,Chile,True,1962,Group 4,True,South America,0,0
1962-06-06,Brazil,Spain,2,1,FIFA World Cup,Viña del Mar,Chile,True,1962,Group 3,True,South America,1,3
1962-06-06,Chile,Germany,0,2,FIFA World Cup,Santiago,Chile,False,1962,Group 2,True,South America,-2,2
1962-06-06,Russia,Uruguay,2,1,FIFA World Cup,Arica,Chile,True,1962,Group 1,True,South America,1,3
1962-06-07,Bulgaria,England,0,0,FIFA World Cup,Rancagua,Chile,True,1962,Group 4,True,South America,0,0
1962-06-07,Colombia,Serbia,0,5,FIFA World Cup,Arica,Chile,True,1962,Group 1,True,South America,-5,5
1962-06-07,Czech Republic,Mexico,1,3,FIFA World Cup,Viña del Mar,Chile,True,1962,Group 3,True,South America,-2,4
1962-06-07,Italy,Switzerland,3,0,FIFA World Cup,Santiago,Chile,True,1962,Group 2,True,South America,3,3
1962-06-10,Brazil,England,3,1,FIFA World Cup,Viña del Mar,Chile,True,1962,Quarter-finals,False,South America,2,4
1962-06-10,Chile,Russia,2,1,FIFA World Cup,Arica,Chile,False,1962,Quarter-finals,False,South America,1,3
1962-06-10,Czech Republic,Hungary,1,0,FIFA World Cup,Rancagua,Chile,True,1962,Quarter-finals,False,South America,1,1
1962-06-10,Germany,Serbia,0,1,FIFA World Cup,Santiago,Chile,True,1962,Quarter-finals,False,South America,-1,1
1962-06-13,Chile,Brazil,2,4,FIFA World Cup,Santiago,Chile,False,1962,Semi-finals,False,South America,-2,6
1962-06-13,Czech Republic,Serbia,3,1,FIFA World Cup,Viña del Mar,Chile,True,1962,Semi-finals,False,South America,2,4
1962-06-16,Chile,Serbia,1,0,FIFA World Cup,Santiago,Chile,False,1962,Match for third place,False,South America,1,1
1962-06-17,Brazil,Czech Republic,3,1,FIFA World Cup,Santiago,Chile,True,1962,Final,False,South America,2,4
1966-07-11,England,Uruguay,0,0,FIFA World Cup,London,England,False,1966,Group 1,True,Europe,0,0
1966-07-12,Brazil,Bulgaria,2,0,FIFA World Cup,Liverpool,England,True,1966,Group 3,True,Europe,2,2
1966-07-12,Germany,Switzerland,5,0,FIFA World Cup,Sheffield,England,True,1966,Group 2,True,Europe,5,5
1966-07-12,North Korea,Russia,0,3,FIFA World Cup,Middlesbrough,England,True,1966,Group 4,True,Europe,-3,3
1966-07-13,Argentina,Spain,2,1,FIFA World Cup,Birmingham,England,True,1966,Group 2,True,Europe,1,3
1966-07-13,Chile,Italy,0,2,FIFA World Cup,Sunderland,England,True,1966,Group 4,True,Europe,-2,2
1966-07-13,France,Mexico,1,1,FIFA World Cup,London,England,True,1966,Group 1,True,Europe,0,2
1966-07-13,Hungary,Portugal,1,3,FIFA World Cup,Manchester,England,True,1966,Group 3,True,Europe,-2,4
1966-07-15,Brazil,Hungary,1,3,FIFA World Cup,Liverpool,England,True,1966,Group 3,True,Europe,-2,4
1966-07-15,Chile,North Korea,1,1,FIFA World Cup,Middlesbrough,England,True,1966,Group 4,True,Europe,0,2
1966-07-15,France,Uruguay,1,2,FIFA World Cup,London,England,True,1966,Group 1,True,Europe,-1,3
1966-07-15,Spain,Switzerland,2,1,FIFA World Cup,Sheffield,England,True,1966,Group 2,True,Europe,1,3
1966-07-16,Argentina,Germany,0,0,FIFA World Cup,Birmingham,England,True,1966,Group 2,True,Europe,0,0
1966-07-16,Bulgaria,Portugal,0,3,FIFA World Cup,Manchester,England,True,1966,Group 3,True,Europe,-3,3
1966-07-16,England,Mexico,2,0,FIFA World Cup,London,England,False,1966,Group 1,True,Europe,2,2
1966-07-16,Italy,Russia,0,1,FIFA World Cup,Sunderland,England,True,1966,Group 4,True,Europe,-1,1
1966-07-19,Argentina,Switzerland,2,0,FIFA World Cup,Sheffield,England,True,1966,Group 2,True,Europe,2,2
1966-07-19,Brazil,Portugal,1,3,FIFA World Cup,Liverpool,England,True,1966,Group 3,True,Europe,-2,4
1966-07-19,Italy,North Korea,0,1,FIFA World Cup,Middlesbrough,England,True,1966,Group 4,True,Europe,-1,1
1966-07-19,Mexico,Uruguay,0,0,FIFA World Cup,London,England,True,1966,Group 1,True,Europe,0,0
1966-07-20,Bulgaria,Hungary,1,3,FIFA World Cup,Manchester,England,True,1966,Group 3,True,Europe,-2,4
1966-07-20,Chile,Russia,1,2,FIFA World Cup,Sunderland,England,True,1966,Group 4,True,Europe,-1,3
1966-07-20,England,France,2,0,FIFA World Cup,London,England,False,1966,Group 1,True,Europe,2,2
1966-07-20,Germany,Spain,2,1,FIFA World Cup,Birmingham,England,True,1966,Group 2,True,Europe,1,3
1966-07-23,England,Argentina,1,0,FIFA World Cup,London,England,False,1966,Quarter-finals,False,Europe,1,1
1966-07-23,Germany,Uruguay,4,0,FIFA World Cup,Sheffield,England,True,1966,Quarter-finals,False,Europe,4,4
1966-07-23,Hungary,Russia,1,2,FIFA World Cup,Sunderland,England,True,1966,Quarter-finals,False,Europe,-1,3
1966-07-23,North Korea,Portugal,3,5,FIFA World Cup,Liverpool,England,True,1966,Quarter-finals,False,Europe,-2,8
1966-07-25,Germany,Russia,2,1,FIFA World Cup,Liverpool,England,True,1966,Semi-finals,False,Europe,1,3
1966-07-26,England,Portugal,2,1,FIFA World Cup,London,England,False,1966,Semi-finals,False,Europe,1,3
1966-07-28,Portugal,Russia,2,1,FIFA World Cup,London,England,True,1966,Match for third place,False,Europe,1,3
1966-07-30,England,Germany,4,2,FIFA World Cup,London,England,False,1966,Final,False,Europe,2,6
1970-05-31,Mexico,Russia,0,0,FIFA World Cup,Mexico City,Mexico,False,1970,Group 1,True,North America,0,0
1970-06-02,Bulgaria,Peru,2,3,FIFA World Cup,León,Mexico,True,1970,Group 4,True,North America,-1,5
1970-06-02,England,Romania,1,0,FIFA World Cup,Guadalajara,Mexico,True,1970,Group 3,True,North America,1,1
1970-06-02,Israel,Uruguay,0,2,FIFA World Cup,Puebla,Mexico,True,1970,Group 2,True,North America,-2,2
1970-06-03,Belgium,El Salvador,3,0,FIFA World Cup,Mexico City,Mexico,True,1970,Group 1,True,North America,3,3
1970-06-03,Brazil,Czech Republic,4,1,FIFA World Cup,Guadalajara,Mexico,True,1970,Group 3,True,North America,3,5
1970-06-03,Germany,Morocco,2,1,FIFA World Cup,León,Mexico,True,1970,Group 4,True,North America,1,3
1970-06-03,Italy,Sweden,1,0,FIFA World Cup,Toluca,Mexico,True,1970,Group 2,True,North America,1,1
1970-06-06,Belgium,Russia,1,4,FIFA World Cup,Mexico City,Mexico,True,1970,Group 1,True,North America,-3,5
1970-06-06,Czech Republic,Romania,1,2,FIFA World Cup,Guadalajara,Mexico,True,1970,Group 3,True,North America,-1,3
1970-06-06,Italy,Uruguay,0,0,FIFA World Cup,Puebla,Mexico,True,1970,Group 2,True,North America,0,0
1970-06-06,Morocco,Peru,0,3,FIFA World Cup,León,Mexico,True,1970,Group 4,True,North America,-3,3
1970-06-07,Brazil,England,1,0,FIFA World Cup,Guadalajara,Mexico,True,1970,Group 3,True,North America,1,1
1970-06-07,Bulgaria,Germany,2,5,FIFA World Cup,León,Mexico,True,1970,Group 4,True,North America,-3,7
1970-06-07,Israel,Sweden,1,1,FIFA World Cup,Toluca,Mexico,True,1970,Group 2,True,North America,0,2
1970-06-07,Mexico,El Salvador,4,0,FIFA World Cup,Mexico City,Mexico,False,1970,Group 1,True,North America,4,4
1970-06-10,Brazil,Romania,3,2,FIFA World Cup,Guadalajara,Mexico,True,1970,Group 3,True,North America,1,5
1970-06-10,El Salvador,Russia,0,2,FIFA World Cup,Mexico City,Mexico,True,1970,Group 1,True,North America,-2,2
1970-06-10,Germany,Peru,3,1,FIFA World Cup,León,Mexico,True,1970,Group 4,True,North America,2,4
1970-06-10,Sweden,Uruguay,1,0,FIFA World Cup,Puebla,Mexico,True,1970,Group 2,True,North America,1,1
1970-06-11,Bulgaria,Morocco,1,1,FIFA World Cup,León,Mexico,True,1970,Group 4,True,North America,0,2
1970-06-11,Czech Republic,England,0,1,FIFA World Cup,Guadalajara,Mexico,True,1970,Group 3,True,North America,-1,1
1970-06-11,Israel,Italy,0,0,FIFA World Cup,Toluca,Mexico,True,1970,Group 2,True,North America,0,0
1970-06-11,Mexico,Belgium,1,0,FIFA World Cup,Mexico City,Mexico,False,1970,Group 1,True,North America,1,1
1970-06-14,Brazil,Peru,4,2,FIFA World Cup,Guadalajara,Mexico,True,1970,Quarter-finals,False,North America,2,6
1970-06-14,England,Germany,2,3,FIFA World Cup,León,Mexico,True,1970,Quarter-finals,False,North America,-1,5
1970-06-14,Mexico,Italy,1,4,FIFA World Cup,Toluca,Mexico,False,1970,Quarter-finals,False,North America,-3,5
1970-06-14,Russia,Uruguay,0,1,FIFA World Cup,Mexico City,Mexico,True,1970,Quarter-finals,False,North America,-1,1
1970-06-17,Brazil,Uruguay,3,1,FIFA World Cup,Guadalajara,Mexico,True,1970,Semi-finals,False,North America,2,4
1970-06-17,Germany,Italy,3,4,FIFA World Cup,Mexico City,Mexico,True,1970,Semi-finals,False,North America,-1,7
1970-06-20,Germany,Uruguay,1,0,FIFA World Cup,Mexico City,Mexico,True,1970,Match for third place,False,North America,1,1
1970-06-21,Brazil,Italy,4,1,FIFA World Cup,Mexico City,Mexico,True,1970,Final,False,North America,3,5
1974-06-13,Brazil,Serbia,0,0,FIFA World Cup,Frankfurt am Main,Germany,True,1974,Group 2,True,Europe,0,0
1974-06-14,DR Congo,Scotland,0,2,FIFA World Cup,Dortmund,Germany,True,1974,Group 2,True,Europe,-2,2
1974-06-14,German DR,Australia,2,0,FIFA World Cup,Hamburg,Germany,True,1974,Group 1,True,Europe,2,2
1974-06-14,Germany,Chile,1,0,FIFA World Cup,Berlin,Germany,False,1974,Group 1,True,Europe,1,1
1974-06-15,Italy,Haiti,3,1,FIFA World Cup,Munich,Germany,True,1974,Group 4,True,Europe,2,4
1974-06-15,Poland,Argentina,3,2,FIFA World Cup,Stuttgart,Germany,True,1974,Group 4,True,Europe,1,5
1974-06-15,Sweden,Bulgaria,0,0,FIFA World Cup,Düsseldorf,Germany,True,1974,Group 3,True,Europe,0,0
1974-06-15,Uruguay,Netherlands,0,2,FIFA World Cup,Hanover,Germany,True,1974,Group 3,True,Europe,-2,2
1974-06-18,Chile,German DR,1,1,FIFA World Cup,Berlin,Germany,True,1974,Group 1,True,Europe,0,2
1974-06-18,Germany,Australia,3,0,FIFA World Cup,Hamburg,Germany,False,1974,Group 1,True,Europe,3,3
1974-06-18,Scotland,Brazil,0,0,FIFA World Cup,Frankfurt am Main,Germany,True,1974,Group 2,True,Europe,0,0
1974-06-18,Serbia,DR Congo,9,0,FIFA World Cup,Gelsenkirchen,Germany,True,1974,Group 2,True,Europe,9,9
1974-06-19,Argentina,Italy,1,1,FIFA World Cup,Stuttgart,Germany,True,1974,Group 4,True,Europe,0,2
1974-06-19,Bulgaria,Uruguay,1,1,FIFA World Cup,Hanover,Germany,True,1974,Group 3,True,Europe,0,2
1974-06-19,Haiti,Poland,0,7,FIFA World Cup,Munich,Germany,True,1974,Group 4,True,Europe,-7,7
1974-06-19,Netherlands,Sweden,0,0,FIFA World Cup,Dortmund,Germany,True,1974,Group 3,True,Europe,0,0
1974-06-22,Australia,Chile,0,0,FIFA World Cup,Berlin,Germany,True,1974,Group 1,True,Europe,0,0
1974-06-22,DR Congo,Brazil,0,3,FIFA World Cup,Gelsenkirchen,Germany,True,1974,Group 2,True,Europe,-3,3
1974-06-22,Germany,German DR,0,1,FIFA World Cup,Hamburg,Germany,False,1974,Group 1,True,Europe,-1,1
1974-06-22,Scotland,Serbia,1,1,FIFA World Cup,Frankfurt am Main,Germany,True,1974,Group 2,True,Europe,0,2
1974-06-23,Argentina,Haiti,4,1,FIFA World Cup,Munich,Germany,True,1974,Group 4,True,Europe,3,5
1974-06-23,Bulgaria,Netherlands,1,4,FIFA World Cup,Dortmund,Germany,True,1974,Group 3,True,Europe,-3,5
1974-06-23,Poland,Italy,2,1,FIFA World Cup,Stuttgart,Germany,True,1974,Group 4,True,Europe,1,3
1974-06-23,Sweden,Uruguay,3,0,FIFA World Cup,Düsseldorf,Germany,True,1974,Group 3,True,Europe,3,3
1974-06-26,Brazil,German DR,1,0,FIFA World Cup,Hanover,Germany,True,1974,Group A,True,Europe,1,1
1974-06-26,Germany,Serbia,2,0,FIFA World Cup,Düsseldorf,Germany,False,1974,Group B,True,Europe,2,2
1974-06-26,Netherlands,Argentina,4,0,FIFA World Cup,Gelsenkirchen,Germany,True,1974,Group A,True,Europe,4,4
1974-06-26,Sweden,Poland,0,1,FIFA World Cup,Stuttgart,Germany,True,1974,Group B,True,Europe,-1,1
1974-06-30,Argentina,Brazil,1,2,FIFA World Cup,Hanover,Germany,True,1974,Group A,True,Europe,-1,3
1974-06-30,German DR,Netherlands,0,2,FIFA World Cup,Gelsenkirchen,Germany,True,1974,Group A,True,Europe,-2,2
1974-06-30,Germany,Sweden,4,2,FIFA World Cup,Düsseldorf,Germany,False,1974,Group B,True,Europe,2,6
1974-06-30,Poland,Serbia,2,1,FIFA World Cup,Frankfurt am Main,Germany,True,1974,Group B,True,Europe,1,3
1974-07-03,Argentina,German DR,1,1,FIFA World Cup,Gelsenkirchen,Germany,True,1974,Group A,True,Europe,0,2
1974-07-03,Germany,Poland,1,0,FIFA World Cup,Frankfurt am Main,Germany,False,1974,Group B,True,Europe,1,1
1974-07-03,Netherlands,Brazil,2,0,FIFA World Cup,Dortmund,Germany,True,1974,Group A,True,Europe,2,2
1974-07-03,Sweden,Serbia,2,1,FIFA World Cup,Düsseldorf,Germany,True,1974,Group B,True,Europe,1,3
1974-07-06,Brazil,Poland,0,1,FIFA World Cup,Munich,Germany,True,1974,Match for third place,False,Europe,-1,1
1974-07-07,Germany,Netherlands,2,1,FIFA World Cup,Munich,Germany,False,1974,Final,False,Europe,1,3
1978-06-01,Germany,Poland,0,0,FIFA World Cup,Buenos Aires,Argentina,True,1978,Group 2,True,South America,0,0
1978-06-02,Argentina,Hungary,2,1,FIFA World Cup,Buenos Aires,Argentina,False,1978,Group 1,True,South America,1,3
1978-06-02,France,Italy,1,2,FIFA World Cup,Mar del Plata,Argentina,True,1978,Group 1,True,South America,-1,3
1978-06-02,Mexico,Tunisia,1,3,FIFA World Cup,Rosario,Argentina,True,1978,Group 2,True,South America,-2,4
1978-06-03,Austria,Spain,2,1,FIFA World Cup,Buenos Aires,Argentina,True,1978,Group 3,True,South America,1,3
1978-06-03,Brazil,Sweden,1,1,FIFA World Cup,Mar del Plata,Argentina,True,1978,Group 3,True,South America,0,2
1978-06-03,Iran,Netherlands,0,3,FIFA World Cup,Mendoza,Argentina,True,1978,Group 4,True,South America,-3,3
1978-06-03,Peru,Scotland,3,1,FIFA World Cup,Córdoba,Argentina,True,1978,Group 4,True,South America,2,4
1978-06-06,Argentina,France,2,1,FIFA World Cup,Buenos Aires,Argentina,False,1978,Group 1,True,South America,1,3
1978-06-06,Germany,Mexico,6,0,FIFA World Cup,Córdoba,Argentina,True,1978,Group 2,True,South America,6,6
1978-06-06,Hungary,Italy,1,3,FIFA World Cup,Mar del Plata,Argentina,True,1978,Group 1,True,South America,-2,4
1978-06-06,Poland,Tunisia,1,0,FIFA World Cup,Rosario,Argentina,True,1978,Group 2,True,South America,1,1
1978-06-07,Austria,Sweden,1,0,FIFA World Cup,Buenos Aires,Argentina,True,1978,Group 3,True,South America,1,1
1978-06-07,Brazil,Spain,0,0,FIFA World Cup,Mar del Plata,Argentina,True,1978,Group 3,True,South America,0,0
1978-06-07,Iran,Scotland,1,1,FIFA World Cup,Córdoba,Argentina,True,1978,Group 4,True,South America,0,2
1978-06-07,Netherlands,Peru,0,0,FIFA World Cup,Mendoza,Argentina,True,1978,Group 4,True,South America,0,0
1978-06-10,Argentina,Italy,0,1,FIFA World Cup,Buenos Aires,Argentina,False,1978,Group 1,True,South America,-1,1
1978-06-10,France,Hungary,3,1,FIFA World Cup,Mar del Plata,Argentina,True,1978,Group 1,True,South America,2,4
1978-06-10,Germany,Tunisia,0,0,FIFA World Cup,Córdoba,Argentina,True,1978,Group 2,True,South America,0,0
1978-06-10,Mexico,Poland,1,3,FIFA World Cup,Rosario,Argentina,True,1978,Group 2,True,South America,-2,4
1978-06-11,Austria,Brazil,0,1,FIFA World Cup,Mar del Plata,Argentina,True,1978,Group 3,True,South America,-1,1
1978-06-11,Iran,Peru,1,4,FIFA World Cup,Córdoba,Argentina,True,1978,Group 4,True,South America,-3,5
1978-06-11,Netherlands,Scotland,2,3,FIFA World Cup,Mendoza,Argentina,True,1978,Group 4,True,South America,-1,5
1978-06-11,Spain,Sweden,1,0,FIFA World Cup,Buenos Aires,Argentina,True,1978,Group 3,True,South America,1,1
1978-06-14,Argentina,Poland,2,0,FIFA World Cup,Rosario,Argentina,False,1978,Group B,True,South America,2,2
1978-06-14,Austria,Netherlands,1,5,FIFA World Cup,Córdoba,Argentina,True,1978,Group A,True,South America,-4,6
1978-06-14,Brazil,Peru,3,0,FIFA World Cup,Mendoza,Argentina,True,1978,Group B,True,South America,3,3
1978-06-14,Germany,Italy,0,0,FIFA World Cup,Buenos Aires,Argentina,True,1978,Group A,True,South America,0,0
1978-06-18,Argentina,Brazil,0,0,FIFA World Cup,Rosario,Argentina,False,1978,Group B,True,South America,0,0
1978-06-18,Austria,Italy,0,1,FIFA World Cup,Buenos Aires,Argentina,True,1978,Group A,True,South America,-1,1
1978-06-18,Germany,Netherlands,2,2,FIFA World Cup,Córdoba,Argentina,True,1978,Group A,True,South America,0,4
1978-06-18,Peru,Poland,0,1,FIFA World Cup,Mendoza,Argentina,True,1978,Group B,True,South America,-1,1
1978-06-21,Argentina,Peru,6,0,FIFA World Cup,Rosario,Argentina,False,1978,Group B,True,South America,6,6
1978-06-21,Austria,Germany,3,2,FIFA World Cup,Córdoba,Argentina,True,1978,Group A,True,South America,1,5
1978-06-21,Brazil,Poland,3,1,FIFA World Cup,Mendoza,Argentina,True,1978,Group B,True,South America,2,4
1978-06-21,Italy,Netherlands,1,2,FIFA World Cup,Buenos Aires,Argentina,True,1978,Group A,True,South America,-1,3
1978-06-24,Brazil,Italy,2,1,FIFA World Cup,Buenos Aires,Argentina,True,1978,Match for third place,False,South America,1,3
1978-06-25,Argentina,Netherlands,3,1,FIFA World Cup,Buenos Aires,Argentina,False,1978,Final,False,South America,2,4
1982-06-13,Argentina,Belgium,0,1,FIFA World Cup,Barcelona,Spain,True,1982,Group 3,True,Europe,-1,1
1982-06-14,Brazil,Russia,2,1,FIFA World Cup,Seville,Spain,True,1982,Group 6,True,Europe,1,3
1982-06-14,Italy,Poland,0,0,FIFA World Cup,Vigo,Spain,True,1982,Group 1,True,Europe,0,0
1982-06-15,Hungary,El Salvador,10,1,FIFA World Cup,Elche,Spain,True,1982,Group 3,True,Europe,9,11
1982-06-15,Peru,Cameroon,0,0,FIFA World Cup,La Coruña,Spain,True,1982,Group 1,True,Europe,0,0
1982-06-15,Scotland,New Zealand,5,2,FIFA World Cup,Málaga,Spain,True,1982,Group 6,True,Europe,3,7
1982-06-16,England,France,3,1,FIFA World Cup,Bilbao,Spain,True,1982,Group 4,True,Europe,2,4
1982-06-16,Germany,Algeria,1,2,FIFA World Cup,Gijón,Spain,True,1982,Group 2,True,Europe,-1,3
1982-06-16,Spain,Honduras,1,1,FIFA World Cup,Valencia,Spain,False,1982,Group 5,True,Europe,0,2
1982-06-17,Chile,Austria,0,1,FIFA World Cup,Oviedo,Spain,True,1982,Group 2,True,Europe,-1,1
1982-06-17,Czech Republic,Kuwait,1,1,FIFA World Cup,Valladolid,Spain,True,1982,Group 4,True,Europe,0,2
1982-06-17,Serbia,Northern Ireland,0,0,FIFA World Cup,Zaragoza,Spain,True,1982,Group 5,True,Europe,0,0
1982-06-18,Argentina,Hungary,4,1,FIFA World Cup,Alicante,Spain,True,1982,Group 3,True,Europe,3,5
1982-06-18,Brazil,Scotland,4,1,FIFA World Cup,Seville,Spain,True,1982,Group 6,True,Europe,3,5
1982-06-18,Italy,Peru,1,1,FIFA World Cup,Vigo,Spain,True,1982,Group 1,True,Europe,0,2
1982-06-19,Belgium,El Salvador,1,0,FIFA World Cup,Elche,Spain,True,1982,Group 3,True,Europe,1,1
1982-06-19,Poland,Cameroon,0,0,FIFA World Cup,La Coruña,Spain,True,1982,Group 1,True,Europe,0,0
1982-06-19,Russia,New Zealand,3,0,FIFA World Cup,Málaga,Spain,True,1982,Group 6,True,Europe,3,3
1982-06-20,England,Czech Republic,2,0,FIFA World Cup,Bilbao,Spain,True,1982,Group 4,True,Europe,2,2
1982-06-20,Germany,Chile,4,1,FIFA World Cup,Gijón,Spain,True,1982,Group 2,True,Europe,3,5
1982-06-20,Spain,Serbia,2,1,FIFA World Cup,Valencia,Spain,False,1982,Group 5,True,Europe,1,3
1982-06-21,Algeria,Austria,0,2,FIFA World Cup,Oviedo,Spain,True,1982,Group 2,True,Europe,-2,2
1982-06-21,France,Kuwait,4,1,FIFA World Cup,Valladolid,Spain,True,1982,Group 4,True,Europe,3,5
1982-06-21,Honduras,Northern Ireland,1,1,FIFA World Cup,Zaragoza,Spain,True,1982,Group 5,True,Europe,0,2
1982-06-22,Belgium,Hungary,1,1,FIFA World Cup,Elche,Spain,True,1982,Group 3,True,Europe,0,2
1982-06-22,Poland,Peru,5,1,FIFA World Cup,La Coruña,Spain,True,1982,Group 1,True,Europe,4,6
1982-06-22,Russia,Scotland,2,2,FIFA World Cup,Málaga,Spain,True,1982,Group 6,True,Europe,0,4
1982-06-23,Argentina,El Salvador,2,0,FIFA World Cup,Alicante,Spain,True,1982,Group 3,True,Europe,2,2
1982-06-23,Brazil,New Zealand,4,0,FIFA World Cup,Seville,Spain,True,1982,Group 6,True,Europe,4,4
1982-06-23,Italy,Cameroon,1,1,FIFA World Cup,Vigo,Spain,True,1982,Group 1,True,Europe,0,2
1982-06-24,Algeria,Chile,3,2,FIFA World Cup,Oviedo,Spain,True,1982,Group 2,True,Europe,1,5
1982-06-24,France,Czech Republic,1,1,FIFA World Cup,Valladolid,Spain,True,1982,Group 4,True,Europe,0,2
1982-06-24,Honduras,Serbia,0,1,FIFA World Cup,Zaragoza,Spain,True,1982,Group 5,True,Europe,-1,1
1982-06-25,England,Kuwait,1,0,FIFA World Cup,Bilbao,Spain,True,1982,Group 4,True,Europe,1,1
1982-06-25,Germany,Austria,1,0,FIFA World Cup,Gijón,Spain,True,1982,Group 2,True,Europe,1,1
1982-06-25,Spain,Northern Ireland,0,1,FIFA World Cup,Valencia,Spain,False,1982,Group 5,True,Europe,-1,1
1982-06-28,Austria,France,0,1,FIFA World Cup,Madrid,Spain,True,1982,Group 4,True,Europe,-1,1
1982-06-28,Poland,Belgium,3,0,FIFA World Cup,Barcelona,Spain,True,1982,Group 1,True,Europe,3,3
1982-06-29,Germany,England,0,0,FIFA World Cup,Madrid,Spain,True,1982,Group 2,True,Europe,0,0
1982-06-29,Italy,Argentina,2,1,FIFA World Cup,Barcelona,Spain,True,1982,Group 3,True,Europe,1,3
1982-07-01,Austria,Northern Ireland,2,2,FIFA World Cup,Madrid,Spain,True,1982,Group 4,True,Europe,0,4
1982-07-01,Belgium,Russia,0,1,FIFA World Cup,Barcelona,Spain,True,1982,Group 1,True,Europe,-1,1
1982-07-02,Argentina,Brazil,1,3,FIFA World Cup,Barcelona,Spain,True,1982,Group 3,True,Europe,-2,4
1982-07-02,Spain,Germany,1,2,FIFA World Cup,Madrid,Spain,False,1982,Group 2,True,Europe,-1,3
1982-07-04,France,Northern Ireland,4,1,FIFA World Cup,Madrid,Spain,True,1982,Group 4,True,Europe,3,5
1982-07-04,Poland,Russia,0,0,FIFA World Cup,Barcelona,Spain,True,1982,Group 1,True,Europe,0,0
1982-07-05,Italy,Brazil,3,2,FIFA World Cup,Barcelona,Spain,True,1982,Group 3,True,Europe,1,5
1982-07-05,Spain,England,0,0,FIFA World Cup,Madrid,Spain,False,1982,Group 2,True,Europe,0,0
1982-07-08,Germany,France,3,3,FIFA World Cup,Seville,Spain,True,1982,Semi-finals,False,Europe,0,6
1982-07-08,Poland,Italy,0,2,FIFA World Cup,Barcelona,Spain,True,1982,Semi-finals,False,Europe,-2,2
1982-07-10,Poland,France,3,2,FIFA World Cup,Alicante,Spain,True,1982,Match for third place,False,Europe,1,5
1982-07-11,Italy,Germany,3,1,FIFA World Cup,Madrid,Spain,True,1982,Final,False,Europe,2,4
1986-05-31,Bulgaria,Italy,1,1,FIFA World Cup,Mexico City,Mexico,True,1986,Group A,True,North America,0,2
1986-06-01,Canada,France,0,1,FIFA World Cup,León,Mexico,True,1986,Group C,True,North America,-1,1
1986-06-01,Spain,Brazil,0,1,FIFA World Cup,Guadalajara,Mexico,True,1986,Group D,True,North America,-1,1
1986-06-02,Argentina,South Korea,3,1,FIFA World Cup,Mexico City,Mexico,True,1986,Group A,True,North America,2,4
1986-06-02,Morocco,Poland,0,0,FIFA World Cup,Monterrey,Mexico,True,1986,Group F,True,North America,0,0
1986-06-02,Russia,Hungary,6,0,FIFA World Cup,Irapuato,Mexico,True,1986,Group C,True,North America,6,6
1986-06-03,Algeria,Northern Ireland,1,1,FIFA World Cup,Guadalajara,Mexico,True,1986,Group D,True,North America,0,2
1986-06-03,Mexico,Belgium,2,1,FIFA World Cup,Mexico City,Mexico,False,1986,Group B,True,North America,1,3
1986-06-03,Portugal,England,1,0,FIFA World Cup,Monterrey,Mexico,True,1986,Group F,True,North America,1,1
1986-06-04,Paraguay,Iraq,1,0,FIFA World Cup,Toluca,Mexico,True,1986,Group B,True,North America,1,1
1986-06-04,Scotland,Denmark,0,1,FIFA World Cup,Nezahualcóyotl,Mexico,True,1986,Group E,True,North America,-1,1
1986-06-04,Uruguay,Germany,1,1,FIFA World Cup,Querétaro,Mexico,True,1986,Group E,True,North America,0,2
1986-06-05,France,Russia,1,1,FIFA World Cup,León,Mexico,True,1986,Group C,True,North America,0,2
1986-06-05,Italy,Argentina,1,1,FIFA World Cup,Puebla,Mexico,True,1986,Group A,True,North America,0,2
1986-06-05,South Korea,Bulgaria,1,1,FIFA World Cup,Mexico City,Mexico,True,1986,Group A,True,North America,0,2
1986-06-06,Brazil,Algeria,1,0,FIFA World Cup,Guadalajara,Mexico,True,1986,Group D,True,North America,1,1
1986-06-06,England,Morocco,0,0,FIFA World Cup,Monterrey,Mexico,True,1986,Group F,True,North America,0,0
1986-06-06,Hungary,Canada,2,0,FIFA World Cup,Irapuato,Mexico,True,1986,Group C,True,North America,2,2
1986-06-07,Mexico,Paraguay,1,1,FIFA World Cup,Mexico City,Mexico,False,1986,Group B,True,North America,0,2
1986-06-07,Northern Ireland,Spain,1,2,FIFA World Cup,Guadalajara,Mexico,True,1986,Group D,True,North America,-1,3
1986-06-07,Poland,Portugal,1,0,FIFA World Cup,Monterrey,Mexico,True,1986,Group F,True,North America,1,1
1986-06-08,Denmark,Uruguay,6,1,FIFA World Cup,Nezahualcóyotl,Mexico,True,1986,Group E,True,North America,5,7
1986-06-08,Germany,Scotland,2,1,FIFA World Cup,Querétaro,Mexico,True,1986,Group E,True,North America,1,3
1986-06-08,Iraq,Belgium,1,2,FIFA World Cup,Toluca,Mexico,True,1986,Group B,True,North America,-1,3
1986-06-09,Hungary,France,0,3,FIFA World Cup,León,Mexico,True,1986,Group C,True,North America,-3,3
1986-06-09,Russia,Canada,2,0,FIFA World Cup,Irapuato,Mexico,True,1986,Group C,True,North America,2,2
1986-06-10,Argentina,Bulgaria,2,0,FIFA World Cup,Mexico City,Mexico,True,1986,Group A,True,North America,2,2
1986-06-10,South Korea,Italy,2,3,FIFA World Cup,Puebla,Mexico,True,1986,Group A,True,North America,-1,5
1986-06-11,England,Poland,3,0,FIFA World Cup,Monterrey,Mexico,True,1986,Group F,True,North America,3,3
1986-06-11,Mexico,Iraq,1,0,FIFA World Cup,Mexico City,Mexico,False,1986,Group B,True,North America,1,1
1986-06-11,Paraguay,Belgium,2,2,FIFA World Cup,Toluca,Mexico,True,1986,Group B,True,North America,0,4
1986-06-11,Portugal,Morocco,1,3,FIFA World Cup,Guadalajara,Mexico,True,1986,Group F,True,North America,-2,4
1986-06-12,Algeria,Spain,0,3,FIFA World Cup,Monterrey,Mexico,True,1986,Group D,True,North America,-3,3
1986-06-12,Northern Ireland,Brazil,0,3,FIFA World Cup,Guadalajara,Mexico,True,1986,Group D,True,North America,-3,3
1986-06-13,Denmark,Germany,2,0,FIFA World Cup,Querétaro,Mexico,True,1986,Group E,True,North America,2,2
1986-06-13,Scotland,Uruguay,0,0,FIFA World Cup,Nezahualcóyotl,Mexico,True,1986,Group E,True,North America,0,0
1986-06-15,Mexico,Bulgaria,2,0,FIFA World Cup,Mexico City,Mexico,False,1986,Round of 16,False,North America,2,2
1986-06-15,Russia,Belgium,3,4,FIFA World Cup,León,Mexico,True,1986,Round of 16,False,North America,-1,7
1986-06-16,Argentina,Uruguay,1,0,FIFA World Cup,Puebla,Mexico,True,1986,Round of 16,False,North America,1,1
1986-06-16,Brazil,Poland,4,0,FIFA World Cup,Guadalajara,Mexico,True,1986,Round of 16,False,North America,4,4
1986-06-17,Italy,France,0,2,FIFA World Cup,Mexico City,Mexico,True,1986,Round of 16,False,North America,-2,2
1986-06-17,Morocco,Germany,0,1,FIFA World Cup,Monterrey,Mexico,True,1986,Round of 16,False,North America,-1,1
1986-06-18,Denmark,Spain,1,5,FIFA World Cup,Querétaro,Mexico,True,1986,Round of 16,False,North America,-4,6
1986-06-18,England,Paraguay,3,0,FIFA World Cup,Mexico City,Mexico,True,1986,Round of 16,False,North America,3,3
1986-06-21,Brazil,France,1,1,FIFA World Cup,Guadalajara,Mexico,True,1986,Quarter-finals,False,North America,0,2
1986-06-21,Mexico,Germany,0,0,FIFA World Cup,Monterrey,Mexico,False,1986,Quarter-finals,False,North America,0,0
1986-06-22,Argentina,England,2,1,FIFA World Cup,Mexico City,Mexico,True,1986,Quarter-finals,False,North America,1,3
1986-06-22,Spain,Belgium,1,1,FIFA World Cup,Puebla,Mexico,True,1986,Quarter-finals,False,North America,0,2
1986-06-25,Argentina,Belgium,2,0,FIFA World Cup,Mexico City,Mexico,True,1986,Semi-finals,False,North America,2,2
1986-06-25,France,Germany,0,2,FIFA World Cup,Guadalajara,Mexico,True,1986,Semi-finals,False,North America,-2,2
1986-06-28,France,Belgium,4,2,FIFA World Cup,Puebla,Mexico,True,1986,Match for third place,False,North America,2,6
1986-06-29,Argentina,Germany,3,2,FIFA World Cup,Mexico City,Mexico,True,1986,Final,False,North America,1,5
1990-06-08,Argentina,Cameroon,0,1,FIFA World Cup,Milan,Italy,True,1990,Group B,True,Europe,-1,1
1990-06-09,Italy,Austria,1,0,FIFA World Cup,Rome,Italy,False,1990,Group A,True,Europe,1,1
1990-06-09,Russia,Romania,0,2,FIFA World Cup,Bari,Italy,True,1990,Group B,True,Europe,-2,2
1990-06-09,United Arab Emirates,Colombia,0,2,FIFA World Cup,Bologna,Italy,True,1990,Group D,True,Europe,-2,2
1990-06-10,Brazil,Sweden,2,1,FIFA World Cup,Turin,Italy,True,1990,Group C,True,Europe,1,3
1990-06-10,Germany,Serbia,4,1,FIFA World Cup,Milan,Italy,True,1990,Group D,True,Europe,3,5
1990-06-10,United States,Czech Republic,1,5,FIFA World Cup,Florence,Italy,True,1990,Group A,True,Europe,-4,6
1990-06-11,Costa Rica,Scotland,1,0,FIFA World Cup,Genoa,Italy,True,1990,Group C,True,Europe,1,1
1990-06-11,England,Ireland,1,1,FIFA World Cup,Cagliari,Italy,True,1990,Group F,True,Europe,0,2
1990-06-12,Belgium,South Korea,2,0,FIFA World Cup,Verona,Italy,True,1990,Group E,True,Europe,2,2
1990-06-12,Netherlands,Egypt,1,1,FIFA World Cup,Palermo,Italy,True,1990,Group F,True,Europe,0,2
1990-06-13,Argentina,Russia,2,0,FIFA World Cup,Naples,Italy,True,1990,Group B,True,Europe,2,2
1990-06-13,Uruguay,Spain,0,0,FIFA World Cup,Udine,Italy,True,1990,Group E,True,Europe,0,0
1990-06-14,Cameroon,Romania,2,1,FIFA World Cup,Bari,Italy,True,1990,Group B,True,Europe,1,3
1990-06-14,Italy,United States,1,0,FIFA World Cup,Rome,Italy,False,1990,Group A,True,Europe,1,1
1990-06-14,Serbia,Colombia,1,0,FIFA World Cup,Bologna,Italy,True,1990,Group D,True,Europe,1,1
1990-06-15,Austria,Czech Republic,0,1,FIFA World Cup,Florence,Italy,True,1990,Group A,True,Europe,-1,1
1990-06-15,Germany,United Arab Emirates,5,1,FIFA World Cup,Milan,Italy,True,1990,Group D,True,Europe,4,6
1990-06-16,Brazil,Costa Rica,1,0,FIFA World Cup,Turin,Italy,True,1990,Group C,True,Europe,1,1
1990-06-16,England,Netherlands,0,0,FIFA World Cup,Cagliari,Italy,True,1990,Group F,True,Europe,0,0
1990-06-16,Sweden,Scotland,1,2,FIFA World Cup,Genoa,Italy,True,1990,Group C,True,Europe,-1,3
1990-06-17,Belgium,Uruguay,3,1,FIFA World Cup,Verona,Italy,True,1990,Group E,True,Europe,2,4
1990-06-17,Ireland,Egypt,0,0,FIFA World Cup,Palermo,Italy,True,1990,Group F,True,Europe,0,0
1990-06-17,South Korea,Spain,1,3,FIFA World Cup,Udine,Italy,True,1990,Group E,True,Europe,-2,4
1990-06-18,Argentina,Romania,1,1,FIFA World Cup,Naples,Italy,True,1990,Group B,True,Europe,0,2
1990-06-18,Cameroon,Russia,0,4,FIFA World Cup,Bari,Italy,True,1990,Group B,True,Europe,-4,4
1990-06-19,Austria,United States,2,1,FIFA World Cup,Florence,Italy,True,1990,Group A,True,Europe,1,3
1990-06-19,Germany,Colombia,1,1,FIFA World Cup,Milan,Italy,True,1990,Group D,True,Europe,0,2
1990-06-19,Italy,Czech Republic,2,0,FIFA World Cup,Rome,Italy,False,1990,Group A,True,Europe,2,2
1990-06-19,Serbia,United Arab Emirates,4,1,FIFA World Cup,Bologna,Italy,True,1990,Group D,True,Europe,3,5
1990-06-20,Brazil,Scotland,1,0,FIFA World Cup,Turin,Italy,True,1990,Group C,True,Europe,1,1
1990-06-20,Sweden,Costa Rica,1,2,FIFA World Cup,Genoa,Italy,True,1990,Group C,True,Europe,-1,3
1990-06-21,Belgium,Spain,1,2,FIFA World Cup,Verona,Italy,True,1990,Group E,True,Europe,-1,3
1990-06-21,England,Egypt,1,0,FIFA World Cup,Cagliari,Italy,True,1990,Group F,True,Europe,1,1
1990-06-21,Ireland,Netherlands,1,1,FIFA World Cup,Palermo,Italy,True,1990,Group F,True,Europe,0,2
1990-06-21,South Korea,Uruguay,0,1,FIFA World Cup,Udine,Italy,True,1990,Group E,True,Europe,-1,1
1990-06-23,Cameroon,Colombia,2,1,FIFA World Cup,Naples,Italy,True,1990,Round of 16,False,Europe,1,3
1990-06-23,Czech Republic,Costa Rica,4,1,FIFA World Cup,Bari,Italy,True,1990,Round of 16,False,Europe,3,5
1990-06-24,Brazil,Argentina,0,1,FIFA World Cup,Turin,Italy,True,1990,Round of 16,False,Europe,-1,1
1990-06-24,Germany,Netherlands,2,1,FIFA World Cup,Milan,Italy,True,1990,Round of 16,False,Europe,1,3
1990-06-25,Ireland,Romania,0,0,FIFA World Cup,Genoa,Italy,True,1990,Round of 16,False,Europe,0,0
1990-06-25,Italy,Uruguay,2,0,FIFA World Cup,Rome,Italy,False,1990,Round of 16,False,Europe,2,2
1990-06-26,England,Belgium,1,0,FIFA World Cup,Bologna,Italy,True,1990,Round of 16,False,Europe,1,1
1990-06-26,Spain,Serbia,1,2,FIFA World Cup,Verona,Italy,True,1990,Round of 16,False,Europe,-1,3
1990-06-30,Italy,Ireland,1,0,FIFA World Cup,Rome,Italy,False,1990,Quarter-finals,False,Europe,1,1
1990-06-30,Serbia,Argentina,0,0,FIFA World Cup,Florence,Italy,True,1990,Quarter-finals,False,Europe,0,0
1990-07-01,Cameroon,England,2,3,FIFA World Cup,Naples,Italy,True,1990,Quarter-finals,False,Europe,-1,5
1990-07-01,Germany,Czech Republic,1,0,FIFA World Cup,Milan,Italy,True,1990,Quarter-finals,False,Europe,1,1
1990-07-03,Italy,Argentina,1,1,FIFA World Cup,Naples,Italy,False,1990,Semi-finals,False,Europe,0,2
1990-07-04,Germany,England,1,1,FIFA World Cup,Turin,Italy,True,1990,Semi-finals,False,Europe,0,2
1990-07-07,Italy,England,2,1,FIFA World Cup,Bari,Italy,False,1990,Match for third place,False,Europe,1,3
1990-07-08,Germany,Argentina,1,0,FIFA World Cup,Rome,Italy,True,1990,Final,False,Europe,1,1
1994-06-17,Germany,Bolivia,1,0,FIFA World Cup,Chicago,United States,True,1994,Group C,True,North America,1,1
1994-06-17,Spain,South Korea,2,2,FIFA World Cup,Dallas,United States,True,1994,Group C,True,North America,0,4
1994-06-18,Colombia,Romania,1,3,FIFA World Cup,Pasadena,United States,True,1994,Group A,True,North America,-2,4
1994-06-18,Italy,Ireland,0,1,FIFA World Cup,East Rutherford,United States,True,1994,Group E,True,North America,-1,1
1994-06-18,United States,Switzerland,1,1,FIFA World Cup,Pontiac,United States,False,1994,Group A,True,North America,0,2
1994-06-19,Belgium,Morocco,1,0,FIFA World Cup,Orlando,United States,True,1994,Group F,True,North America,1,1
1994-06-19,Cameroon,Sweden,2,2,FIFA World Cup,Pasadena,United States,True,1994,Group B,True,North America,0,4
1994-06-19,Norway,Mexico,1,0,FIFA World Cup,"Washington, D.C.",United States,True,1994,Group E,True,North America,1,1
1994-06-20,Brazil,Russia,2,0,FIFA World Cup,Palo Alto,United States,True,1994,Group B,True,North America,2,2
1994-06-20,Netherlands,Saudi Arabia,2,1,FIFA World Cup,"Washington, D.C.",United States,True,1994,Group F,True,North America,1,3
1994-06-21,Argentina,Greece,4,0,FIFA World Cup,Foxborough,United States,True,1994,Group D,True,North America,4,4
1994-06-21,Germany,Spain,1,1,FIFA World Cup,Chicago,United States,True,1994,Group C,True,North America,0,2
1994-06-21,Nigeria,Bulgaria,3,0,FIFA World Cup,Dallas,United States,True,1994,Group D,True,North America,3,3
1994-06-22,Romania,Switzerland,1,4,FIFA World Cup,Pontiac,United States,True,1994,Group A,True,North America,-3,5
1994-06-22,United States,Colombia,2,1,FIFA World Cup,Pasadena,United States,False,1994,Group A,True,North America,1,3
1994-06-23,Italy,Norway,1,0,FIFA World Cup,East Rutherford,United States,True,1994,Group E,True,North America,1,1
1994-06-23,South Korea,Bolivia,0,0,FIFA World Cup,Foxborough,United States,True,1994,Group C,True,North America,0,0
1994-06-24,Brazil,Cameroon,3,0,FIFA World Cup,Palo Alto,United States,True,1994,Group B,True,North America,3,3
1994-06-24,Mexico,Ireland,2,1,FIFA World Cup,Orlando,United States,True,1994,Group E,True,North America,1,3
1994-06-24,Sweden,Russia,3,1,FIFA World Cup,Pontiac,United States,True,1994,Group B,True,North America,2,4
1994-06-25,Argentina,Nigeria,2,1,FIFA World Cup,Foxborough,United States,True,1994,Group D,True,North America,1,3
1994-06-25,Belgium,Netherlands,1,0,FIFA World Cup,Orlando,United States,True,1994,Group F,True,North America,1,1
1994-06-25,Saudi Arabia,Morocco,2,1,FIFA World Cup,East Rutherford,United States,True,1994,Group F,True,North America,1,3
1994-06-26,Bulgaria,Greece,4,0,FIFA World Cup,Chicago,United States,True,1994,Group D,True,North America,4,4
1994-06-26,Switzerland,Colombia,0,2,FIFA World Cup,Palo Alto,United States,True,1994,Group A,True,North America,-2,2
1994-06-26,United States,Romania,0,1,FIFA World Cup,Pasadena,United States,False,1994,Group A,True,North America,-1,1
1994-06-27,Bolivia,Spain,1,3,FIFA World Cup,Chicago,United States,True,1994,Group C,True,North America,-2,4
1994-06-27,Germany,South Korea,3,2,FIFA World Cup,Dallas,United States,True,1994,Group C,True,North America,1,5
1994-06-28,Brazil,Sweden,1,1,FIFA World Cup,Pontiac,United States,True,1994,Group B,True,North America,0,2
1994-06-28,Ireland,Norway,0,0,FIFA World Cup,East Rutherford,United States,True,1994,Group E,True,North America,0,0
1994-06-28,Italy,Mexico,1,1,FIFA World Cup,"Washington, D.C.",United States,True,1994,Group E,True,North America,0,2
1994-06-28,Russia,Cameroon,6,1,FIFA World Cup,Palo Alto,United States,True,1994,Group B,True,North America,5,7
1994-06-29,Belgium,Saudi Arabia,0,1,FIFA World Cup,"Washington, D.C.",United States,True,1994,Group F,True,North America,-1,1
1994-06-29,Morocco,Netherlands,1,2,FIFA World Cup,Orlando,United States,True,1994,Group F,True,North America,-1,3
1994-06-30,Argentina,Bulgaria,0,2,FIFA World Cup,Dallas,United States,True,1994,Group D,True,North America,-2,2
1994-06-30,Greece,Nigeria,0,2,FIFA World Cup,Foxborough,United States,True,1994,Group D,True,North America,-2,2
1994-07-02,Germany,Belgium,3,2,FIFA World Cup,Chicago,United States,True,1994,Round of 16,False,North America,1,5
1994-07-02,Spain,Switzerland,3,0,FIFA World Cup,"Washington, D.C.",United States,True,1994,Round of 16,False,North America,3,3
1994-07-03,Romania,Argentina,3,2,FIFA World Cup,Pasadena,United States,True,1994,Round of 16,False,North America,1,5
1994-07-03,Saudi Arabia,Sweden,1,3,FIFA World Cup,Dallas,United States,True,1994,Round of 16,False,North America,-2,4
1994-07-04,Netherlands,Ireland,2,0,FIFA World Cup,Orlando,United States,True,1994,Round of 16,False,North America,2,2
1994-07-04,United States,Brazil,0,1,FIFA World Cup,Palo Alto,United States,False,1994,Round of 16,False,North America,-1,1
1994-07-05,Mexico,Bulgaria,1,1,FIFA World Cup,East Rutherford,United States,True,1994,Round of 16,False,North America,0,2
1994-07-05,Nigeria,Italy,1,2,FIFA World Cup,Foxborough,United States,True,1994,Round of 16,False,North America,-1,3
1994-07-09,Italy,Spain,2,1,FIFA World Cup,Foxborough,United States,True,1994,Quarter-finals,False,North America,1,3
1994-07-09,Netherlands,Brazil,2,3,FIFA World Cup,Dallas,United States,True,1994,Quarter-finals,False,North America,-1,5
1994-07-10,Bulgaria,Germany,2,1,FIFA World Cup,East Rutherford,United States,True,1994,Quarter-finals,False,North America,1,3
1994-07-10,Romania,Sweden,2,2,FIFA World Cup,Palo Alto,United States,True,1994,Quarter-finals,False,North America,0,4
1994-07-13,Bulgaria,Italy,1,2,FIFA World Cup,East Rutherford,United States,True,1994,Semi-finals,False,North America,-1,3
1994-07-13,Sweden,Brazil,0,1,FIFA World Cup,Pasadena,United States,True,1994,Semi-finals,False,North America,-1,1
1994-07-16,Sweden,Bulgaria,4,0,FIFA World Cup,Pasadena,United States,True,1994,Match for third place,False,North America,4,4
1994-07-17,Brazil,Italy,0,0,FIFA World Cup,Pasadena,United States,True,1994,Final,False,North America,0,0
1998-06-10,Brazil,Scotland,2,1,FIFA World Cup,Saint-Denis,France,True,1998,Group A,True,Europe,1,3
1998-06-10,Morocco,Norway,2,2,FIFA World Cup,Montpellier,France,True,1998,Group A,True,Europe,0,4
1998-06-11,Cameroon,Austria,1,1,FIFA World Cup,Toulouse,France,True,1998,Group B,True,Europe,0,2
1998-06-11,Italy,Chile,2,2,FIFA World Cup,Bordeaux,France,True,1998,Group B,True,Europe,0,4
1998-06-12,France,South Africa,3,0,FIFA World Cup,Marseille,France,False,1998,Group C,True,Europe,3,3
1998-06-12,Paraguay,Bulgaria,0,0,FIFA World Cup,Montpellier,France,True,1998,Group D,True,Europe,0,0
1998-06-12,Saudi Arabia,Denmark,0,1,FIFA World Cup,Lens,France,True,1998,Group C,True,Europe,-1,1
1998-06-13,South Korea,Mexico,1,3,FIFA World Cup,Lyon,France,True,1998,Group E,True,Europe,-2,4
1998-06-13,Netherlands,Belgium,0,0,FIFA World Cup,Saint-Denis,France,True,1998,Group E,True,Europe,0,0
1998-06-13,Spain,Nigeria,2,3,FIFA World Cup,Nantes,France,True,1998,Group D,True,Europe,-1,5
1998-06-14,Argentina,Japan,1,0,FIFA World Cup,Toulouse,France,True,1998,Group H,True,Europe,1,1
1998-06-14,Jamaica,Croatia,1,3,FIFA World Cup,Lens,France,True,1998,Group H,True,Europe,-2,4
1998-06-14,Serbia,Iran,1,0,FIFA World Cup,Saint-Étienne,France,True,1998,Group F,True,Europe,1,1
1998-06-15,England,Tunisia,2,0,FIFA World Cup,Marseille,France,True,1998,Group G,True,Europe,2,2
1998-06-15,Germany,United States,2,0,FIFA World Cup,Paris,France,True,1998,Group F,True,Europe,2,2
1998-06-15,Romania,Colombia,1,0,FIFA World Cup,Lyon,France,True,1998,Group G,True,Europe,1,1
1998-06-16,Brazil,Morocco,3,0,FIFA World Cup,Nantes,France,True,1998,Group A,True,Europe,3,3
1998-06-16,Scotland,Norway,1,1,FIFA World Cup,Bordeaux,France,True,1998,Group A,True,Europe,0,2
1998-06-17,Chile,Austria,1,1,FIFA World Cup,Saint-Étienne,France,True,1998,Group B,True,Europe,0,2
1998-06-17,Italy,Cameroon,3,0,FIFA World Cup,Montpellier,France,True,1998,Group B,True,Europe,3,3
1998-06-18,France,Saudi Arabia,4,0,FIFA World Cup,Saint-Denis,France,False,1998,Group C,True,Europe,4,4
1998-06-18,South Africa,Denmark,1,1,FIFA World Cup,Toulouse,France,True,1998,Group C,True,Europe,0,2
1998-06-19,Nigeria,Bulgaria,1,0,FIFA World Cup,Paris,France,True,1998,Group D,True,Europe,1,1
1998-06-19,Spain,Paraguay,0,0,FIFA World Cup,Saint-Étienne,France,True,1998,Group D,True,Europe,0,0
1998-06-20,Belgium,Mexico,2,2,FIFA World Cup,Bordeaux,France,True,1998,Group E,True,Europe,0,4
1998-06-20,Japan,Croatia,0,1,FIFA World Cup,Nantes,France,True,1998,Group H,True,Europe,-1,1
1998-06-20,Netherlands,South Korea,5,0,FIFA World Cup,Marseille,France,True,1998,Group E,True,Europe,5,5
1998-06-21,Argentina,Jamaica,5,0,FIFA World Cup,Paris,France,True,1998,Group H,True,Europe,5,5
1998-06-21,Germany,Serbia,2,2,FIFA World Cup,Lens,France,True,1998,Group F,True,Europe,0,4
1998-06-21,United States,Iran,1,2,FIFA World Cup,Lyon,France,True,1998,Group F,True,Europe,-1,3
1998-06-22,Colombia,Tunisia,1,0,FIFA World Cup,Montpellier,France,True,1998,Group G,True,Europe,1,1
1998-06-22,Romania,England,2,1,FIFA World Cup,Toulouse,France,True,1998,Group G,True,Europe,1,3
1998-06-23,Brazil,Norway,1,2,FIFA World Cup,Marseille,France,True,1998,Group A,True,Europe,-1,3
1998-06-23,Chile,Cameroon,1,1,FIFA World Cup,Nantes,France,True,1998,Group B,True,Europe,0,2
1998-06-23,Italy,Austria,2,1,FIFA World Cup,Saint-Denis,France,True,1998,Group B,True,Europe,1,3
1998-06-23,Scotland,Morocco,0,3,FIFA World Cup,Saint-Étienne,France,True,1998,Group A,True,Europe,-3,3
1998-06-24,France,Denmark,2,1,FIFA World Cup,Lyon,France,False,1998,Group C,True,Europe,1,3
1998-06-24,Nigeria,Paraguay,1,3,FIFA World Cup,Toulouse,France,True,1998,Group D,True,Europe,-2,4
1998-06-24,South Africa,Saudi Arabia,2,2,FIFA World Cup,Bordeaux,France,True,1998,Group C,True,Europe,0,4
1998-06-24,Spain,Bulgaria,6,1,FIFA World Cup,Lens,France,True,1998,Group D,True,Europe,5,7
1998-06-25,Belgium,South Korea,1,1,FIFA World Cup,Paris,France,True,1998,Group E,True,Europe,0,2
1998-06-25,Germany,Iran,2,0,FIFA World Cup,Montpellier,France,True,1998,Group F,True,Europe,2,2
1998-06-25,Netherlands,Mexico,2,2,FIFA World Cup,Saint-Étienne,France,True,1998,Group E,True,Europe,0,4
1998-06-25,United States,Serbia,0,1,FIFA World Cup,Nantes,France,True,1998,Group F,True,Europe,-1,1
1998-06-26,Argentina,Croatia,1,0,FIFA World Cup,Bordeaux,France,True,1998,Group H,True,Europe,1,1
1998-06-26,Colombia,England,0,2,FIFA World Cup,Lens,France,True,1998,Group G,True,Europe,-2,2
1998-06-26,Japan,Jamaica,1,2,FIFA World Cup,Lyon,France,True,1998,Group H,True,Europe,-1,3
1998-06-26,Romania,Tunisia,1,1,FIFA World Cup,Saint-Denis,France,True,1998,Group G,True,Europe,0,2
1998-06-27,Brazil,Chile,4,1,FIFA World Cup,Paris,France,True,1998,Round of 16,False,Europe,3,5
1998-06-27,Italy,Norway,1,0,FIFA World Cup,Marseille,France,True,1998,Round of 16,False,Europe,1,1
1998-06-28,France,Paraguay,1,0,FIFA World Cup,Lens,France,False,1998,Round of 16,False,Europe,1,1
1998-06-28,Nigeria,Denmark,1,4,FIFA World Cup,Saint-Denis,France,True,1998,Round of 16,False,Europe,-3,5
1998-06-29,Germany,Mexico,2,1,FIFA World Cup,Montpellier,France,True,1998,Round of 16,False,Europe,1,3
1998-06-29,Netherlands,Serbia,2,1,FIFA World Cup,Toulouse,France,True,1998,Round of 16,False,Europe,1,3
1998-06-30,Argentina,England,2,2,FIFA World Cup,Saint-Étienne,France,True,1998,Round of 16,False,Europe,0,4
1998-06-30,Romania,Croatia,0,1,FIFA World Cup,Bordeaux,France,True,1998,Round of 16,False,Europe,-1,1
1998-07-03,Brazil,Denmark,3,2,FIFA World Cup,Nantes,France,True,1998,Quarter-finals,False,Europe,1,5
1998-07-03,France,Italy,0,0,FIFA World Cup,Saint-Denis,France,False,1998,Quarter-finals,False,Europe,0,0
1998-07-04,Germany,Croatia,0,3,FIFA World Cup,Lyon,France,True,1998,Quarter-finals,False,Europe,-3,3
1998-07-04,Netherlands,Argentina,2,1,FIFA World Cup,Marseille,France,True,1998,Quarter-finals,False,Europe,1,3
1998-07-07,Brazil,Netherlands,1,1,FIFA World Cup,Marseille,France,True,1998,Semi-finals,False,Europe,0,2
1998-07-08,France,Croatia,2,1,FIFA World Cup,Saint-Denis,France,False,1998,Semi-finals,False,Europe,1,3
1998-07-11,Netherlands,Croatia,1,2,FIFA World Cup,Paris,France,True,1998,Match for third place,False,Europe,-1,3
1998-07-12,France,Brazil,3,0,FIFA World Cup,Saint-Denis,France,False,1998,Final,False,Europe,3,3
2002-05-31,France,Senegal,0,1,FIFA World Cup,Seoul,South Korea,True,2002,Group A,True,Asia,-1,1
2002-06-01,Germany,Saudi Arabia,8,0,FIFA World Cup,Sapporo,Japan,True,2002,Group E,True,Asia,8,8
2002-06-01,Ireland,Cameroon,1,1,FIFA World Cup,Niigata,Japan,True,2002,Group E,True,Asia,0,2
2002-06-01,Uruguay,Denmark,1,2,FIFA World Cup,Ulsan,South Korea,True,2002,Group A,True,Asia,-1,3
2002-06-02,Argentina,Nigeria,1,0,FIFA World Cup,Kashima,Japan,True,2002,Group F,True,Asia,1,1
2002-06-02,England,Sweden,1,1,FIFA World Cup,Saitama,Japan,True,2002,Group F,True,Asia,0,2
2002-06-02,Paraguay,South Africa,2,2,FIFA World Cup,Busan,South Korea,True,2002,Group B,True,Asia,0,4
2002-06-02,Spain,Slovenia,3,1,FIFA World Cup,Gwangju,South Korea,True,2002,Group B,True,Asia,2,4
2002-06-03,Brazil,Turkey,2,1,FIFA World Cup,Ulsan,South Korea,True,2002,Group C,True,Asia,1,3
2002-06-03,Croatia,Mexico,0,1,FIFA World Cup,Niigata,Japan,True,2002,Group G,True,Asia,-1,1
2002-06-03,Italy,Ecuador,2,0,FIFA World Cup,Sapporo,Japan,True,2002,Group G,True,Asia,2,2
2002-06-04,China PR,Costa Rica,0,2,FIFA World Cup,Gwangju,South Korea,True,2002,Group C,True,Asia,-2,2
2002-06-04,Japan,Belgium,2,2,FIFA World Cup,Saitama,Japan,False,2002,Group H,True,Asia,0,4
2002-06-04,South Korea,Poland,2,0,FIFA World Cup,Busan,South Korea,False,2002,Group D,True,Asia,2,2
2002-06-05,Germany,Ireland,1,1,FIFA World Cup,Kashima,Japan,True,2002,Group E,True,Asia,0,2
2002-06-05,Russia,Tunisia,2,0,FIFA World Cup,Kobe,Japan,True,2002,Group H,True,Asia,2,2
2002-06-05,United States,Portugal,3,2,FIFA World Cup,Suwon,South Korea,True,2002,Group D,True,Asia,1,5
2002-06-06,Cameroon,Saudi Arabia,1,0,FIFA World Cup,Saitama,Japan,True,2002,Group E,True,Asia,1,1
2002-06-06,Denmark,Senegal,1,1,FIFA World Cup,Daegu,South Korea,True,2002,Group A,True,Asia,0,2
2002-06-06,France,Uruguay,0,0,FIFA World Cup,Busan,South Korea,True,2002,Group A,True,Asia,0,0
2002-06-07,Argentina,England,0,1,FIFA World Cup,Sapporo,Japan,True,2002,Group F,True,Asia,-1,1
2002-06-07,Spain,Paraguay,3,1,FIFA World Cup,Jeonju,South Korea,True,2002,Group B,True,Asia,2,4
2002-06-07,Sweden,Nigeria,2,1,FIFA World Cup,Kobe,Japan,True,2002,Group F,True,Asia,1,3
2002-06-08,Brazil,China PR,4,0,FIFA World Cup,Seogwipo,South Korea,True,2002,Group C,True,Asia,4,4
2002-06-08,Italy,Croatia,1,2,FIFA World Cup,Kashima,Japan,True,2002,Group G,True,Asia,-1,3
2002-06-08,South Africa,Slovenia,1,0,FIFA World Cup,Daegu,South Korea,True,2002,Group B,True,Asia,1,1
2002-06-09,Costa Rica,Turkey,1,1,FIFA World Cup,Incheon,South Korea,True,2002,Group C,True,Asia,0,2
2002-06-09,Japan,Russia,1,0,FIFA World Cup,Yokohama,Japan,False,2002,Group H,True,Asia,1,1
2002-06-09,Mexico,Ecuador,2,1,FIFA World Cup,Rifu,Japan,True,2002,Group G,True,Asia,1,3
2002-06-10,South Korea,United States,1,1,FIFA World Cup,Daegu,South Korea,False,2002,Group D,True,Asia,0,2
2002-06-10,Portugal,Poland,4,0,FIFA World Cup,Jeonju,South Korea,True,2002,Group D,True,Asia,4,4
2002-06-10,Tunisia,Belgium,1,1,FIFA World Cup,Ōita,Japan,True,2002,Group H,True,Asia,0,2
2002-06-11,Cameroon,Germany,0,2,FIFA World Cup,Fukuroi,Japan,True,2002,Group E,True,Asia,-2,2
2002-06-11,Denmark,France,2,0,FIFA World Cup,Incheon,South Korea,True,2002,Group A,True,Asia,2,2
2002-06-11,Saudi Arabia,Ireland,0,3,FIFA World Cup,Yokohama,Japan,True,2002,Group E,True,Asia,-3,3
2002-06-11,Senegal,Uruguay,3,3,FIFA World Cup,Suwon,South Korea,True,2002,Group A,True,Asia,0,6
2002-06-12,Nigeria,England,0,0,FIFA World Cup,Osaka,Japan,True,2002,Group F,True,Asia,0,0
2002-06-12,Slovenia,Paraguay,1,3,FIFA World Cup,Seogwipo,South Korea,True,2002,Group B,True,Asia,-2,4
2002-06-12,South Africa,Spain,2,3,FIFA World Cup,Daejeon,South Korea,True,2002,Group B,True,Asia,-1,5
2002-06-12,Sweden,Argentina,1,1,FIFA World Cup,Rifu,Japan,True,2002,Group F,True,Asia,0,2
2002-06-13,Costa Rica,Brazil,2,5,FIFA World Cup,Suwon,South Korea,True,2002,Group C,True,Asia,-3,7
2002-06-13,Ecuador,Croatia,1,0,FIFA World Cup,Yokohama,Japan,True,2002,Group G,True,Asia,1,1
2002-06-13,Mexico,Italy,1,1,FIFA World Cup,Ōita,Japan,True,2002,Group G,True,Asia,0,2
2002-06-13,Turkey,China PR,3,0,FIFA World Cup,Seoul,South Korea,True,2002,Group C,True,Asia,3,3
2002-06-14,Belgium,Russia,3,2,FIFA World Cup,Fukuroi,Japan,True,2002,Group H,True,Asia,1,5
2002-06-14,Japan,Tunisia,2,0,FIFA World Cup,Osaka,Japan,False,2002,Group H,True,Asia,2,2
2002-06-14,South Korea,Portugal,1,0,FIFA World Cup,Incheon,South Korea,False,2002,Group D,True,Asia,1,1
2002-06-14,Poland,United States,3,1,FIFA World Cup,Daejeon,South Korea,True,2002,Group D,True,Asia,2,4
2002-06-15,Denmark,England,0,3,FIFA World Cup,Niigata,Japan,True,2002,Round of 16,False,Asia,-3,3
2002-06-15,Germany,Paraguay,1,0,FIFA World Cup,Seogwipo,South Korea,True,2002,Round of 16,False,Asia,1,1
2002-06-16,Spain,Ireland,1,1,FIFA World Cup,Suwon,South Korea,True,2002,Round of 16,False,Asia,0,2
2002-06-16,Sweden,Senegal,1,2,FIFA World Cup,Ōita,Japan,True,2002,Round of 16,False,Asia,-1,3
2002-06-17,Brazil,Belgium,2,0,FIFA World Cup,Kobe,Japan,True,2002,Round of 16,False,Asia,2,2
2002-06-17,Mexico,United States,0,2,FIFA World Cup,Jeonju,South Korea,True,2002,Round of 16,False,Asia,-2,2
2002-06-18,Japan,Turkey,0,1,FIFA World Cup,Rifu,Japan,False,2002,Round of 16,False,Asia,-1,1
2002-06-18,South Korea,Italy,2,1,FIFA World Cup,Daejeon,South Korea,False,2002,Round of 16,False,Asia,1,3
2002-06-21,England,Brazil,1,2,FIFA World Cup,Fukuroi,Japan,True,2002,Quarter-finals,False,Asia,-1,3
2002-06-21,Germany,United States,1,0,FIFA World Cup,Ulsan,South Korea,True,2002,Quarter-finals,False,Asia,1,1
2002-06-22,South Korea,Spain,0,0,FIFA World Cup,Gwangju,South Korea,False,2002,Quarter-finals,False,Asia,0,0
2002-06-22,Senegal,Turkey,0,1,FIFA World Cup,Osaka,Japan,True,2002,Quarter-finals,False,Asia,-1,1
2002-06-25,South Korea,Germany,0,1,FIFA World Cup,Seoul,South Korea,False,2002,Semi-finals,False,Asia,-1,1
2002-06-26,Brazil,Turkey,1,0,FIFA World Cup,Saitama,Japan,True,2002,Semi-finals,False,Asia,1,1
2002-06-29,South Korea,Turkey,2,3,FIFA World Cup,Daegu,South Korea,False,2002,Third place,False,Asia,-1,5
2002-06-30,Germany,Brazil,0,2,FIFA World Cup,Yokohama,Japan,True,2002,Final,False,Asia,-2,2
2006-06-09,Germany,Costa Rica,4,2,FIFA World Cup,Munich,Germany,False,2006,Group A,True,Europe,2,6
2006-06-09,Poland,Ecuador,0,2,FIFA World Cup,Gelsenkirchen,Germany,True,2006,Group A,True,Europe,-2,2
2006-06-10,Argentina,Ivory Coast,2,1,FIFA World Cup,Hamburg,Germany,True,2006,Group C,True,Europe,1,3
2006-06-10,England,Paraguay,1,0,FIFA World Cup,Frankfurt am Main,Germany,True,2006,Group B,True,Europe,1,1
2006-06-10,Trinidad and Tobago,Sweden,0,0,FIFA World Cup,Dortmund,Germany,True,2006,Group B,True,Europe,0,0
2006-06-11,Angola,Portugal,0,1,FIFA World Cup,Cologne,Germany,True,2006,Group D,True,Europe,-1,1
2006-06-11,Mexico,Iran,3,1,FIFA World Cup,Nuremberg,Germany,True,2006,Group D,True,Europe,2,4
2006-06-11,Serbia,Netherlands,0,1,FIFA World Cup,Leipzig,Germany,True,2006,Group C,True,Europe,-1,1
2006-06-12,Australia,Japan,3,1,FIFA World Cup,Kaiserslautern,Germany,True,2006,Group F,True,Europe,2,4
2006-06-12,Italy,Ghana,2,0,FIFA World Cup,Hanover,Germany,True,2006,Group E,True,Europe,2,2
2006-06-12,United States,Czech Republic,0,3,FIFA World Cup,Gelsenkirchen,Germany,True,2006,Group E,True,Europe,-3,3
2006-06-13,Brazil,Croatia,1,0,FIFA World Cup,Berlin,Germany,True,2006,Group F,True,Europe,1,1
2006-06-13,France,Switzerland,0,0,FIFA World Cup,Stuttgart,Germany,True,2006,Group G,True,Europe,0,0
2006-06-13,South Korea,Togo,2,1,FIFA World Cup,Frankfurt am Main,Germany,True,2006,Group G,True,Europe,1,3
2006-06-14,Germany,Poland,1,0,FIFA World Cup,Dortmund,Germany,False,2006,Group A,True,Europe,1,1
2006-06-14,Spain,Ukraine,4,0,FIFA World Cup,Leipzig,Germany,True,2006,Group H,True,Europe,4,4
2006-06-14,Tunisia,Saudi Arabia,2,2,FIFA World Cup,Munich,Germany,True,2006,Group H,True,Europe,0,4
2006-06-15,Ecuador,Costa Rica,3,0,FIFA World Cup,Hamburg,Germany,True,2006,Group A,True,Europe,3,3
2006-06-15,England,Trinidad and Tobago,2,0,FIFA World Cup,Nuremberg,Germany,True,2006,Group B,True,Europe,2,2
2006-06-15,Sweden,Paraguay,1,0,FIFA World Cup,Berlin,Germany,True,2006,Group B,True,Europe,1,1
2006-06-16,Argentina,Serbia,6,0,FIFA World Cup,Gelsenkirchen,Germany,True,2006,Group C,True,Europe,6,6
2006-06-16,Mexico,Angola,0,0,FIFA World Cup,Hanover,Germany,True,2006,Group D,True,Europe,0,0
2006-06-16,Netherlands,Ivory Coast,2,1,FIFA World Cup,Stuttgart,Germany,True,2006,Group C,True,Europe,1,3
2006-06-17,Czech Republic,Ghana,0,2,FIFA World Cup,Cologne,Germany,True,2006,Group E,True,Europe,-2,2
2006-06-17,Italy,United States,1,1,FIFA World Cup,Kaiserslautern,Germany,True,2006,Group E,True,Europe,0,2
2006-06-17,Portugal,Iran,2,0,FIFA World Cup,Frankfurt am Main,Germany,True,2006,Group D,True,Europe,2,2
2006-06-18,Brazil,Australia,2,0,FIFA World Cup,Munich,Germany,True,2006,Group F,True,Europe,2,2
2006-06-18,France,South Korea,1,1,FIFA World Cup,Leipzig,Germany,True,2006,Group G,True,Europe,0,2
2006-06-18,Japan,Croatia,0,0,FIFA World Cup,Nuremberg,Germany,True,2006,Group F,True,Europe,0,0
2006-06-19,Saudi Arabia,Ukraine,0,4,FIFA World Cup,Hamburg,Germany,True,2006,Group H,True,Europe,-4,4
2006-06-19,Spain,Tunisia,3,1,FIFA World Cup,Stuttgart,Germany,True,2006,Group H,True,Europe,2,4
2006-06-19,Togo,Switzerland,0,2,FIFA World Cup,Dortmund,Germany,True,2006,Group G,True,Europe,-2,2
2006-06-20,Costa Rica,Poland,1,2,FIFA World Cup,Hanover,Germany,True,2006,Group A,True,Europe,-1,3
2006-06-20,Germany,Ecuador,3,0,FIFA World Cup,Berlin,Germany,False,2006,Group A,True,Europe,3,3
2006-06-20,Paraguay,Trinidad and Tobago,2,0,FIFA World Cup,Kaiserslautern,Germany,True,2006,Group B,True,Europe,2,2
2006-06-20,Sweden,England,2,2,FIFA World Cup,Cologne,Germany,True,2006,Group B,True,Europe,0,4
2006-06-21,Iran,Angola,1,1,FIFA World Cup,Leipzig,Germany,True,2006,Group D,True,Europe,0,2
2006-06-21,Ivory Coast,Serbia,3,2,FIFA World Cup,Munich,Germany,True,2006,Group C,True,Europe,1,5
2006-06-21,Netherlands,Argentina,0,0,FIFA World Cup,Frankfurt am Main,Germany,True,2006,Group C,True,Europe,0,0
2006-06-21,Portugal,Mexico,2,1,FIFA World Cup,Gelsenkirchen,Germany,True,2006,Group D,True,Europe,1,3
2006-06-22,Croatia,Australia,2,2,FIFA World Cup,Stuttgart,Germany,True,2006,Group F,True,Europe,0,4
2006-06-22,Czech Republic,Italy,0,2,FIFA World Cup,Hamburg,Germany,True,2006,Group E,True,Europe,-2,2
2006-06-22,Ghana,United States,2,1,FIFA World Cup,Nuremberg,Germany,True,2006,Group E,True,Europe,1,3
2006-06-22,Japan,Brazil,1,4,FIFA World Cup,Dortmund,Germany,True,2006,Group F,True,Europe,-3,5
2006-06-23,Saudi Arabia,Spain,0,1,FIFA World Cup,Kaiserslautern,Germany,True,2006,Group H,True,Europe,-1,1
2006-06-23,Switzerland,South Korea,2,0,FIFA World Cup,Hanover,Germany,True,2006,Group G,True,Europe,2,2
2006-06-23,Togo,France,0,2,FIFA World Cup,Cologne,Germany,True,2006,Group G,True,Europe,-2,2
2006-06-23,Ukraine,Tunisia,1,0,FIFA World Cup,Berlin,Germany,True,2006,Group H,True,Europe,1,1
2006-06-24,Argentina,Mexico,2,1,FIFA World Cup,Leipzig,Germany,True,2006,Round of 16,False,Europe,1,3
2006-06-24,Germany,Sweden,2,0,FIFA World Cup,Munich,Germany,False,2006,Round of 16,False,Europe,2,2
2006-06-25,England,Ecuador,1,0,FIFA World Cup,Stuttgart,Germany,True,2006,Round of 16,False,Europe,1,1
2006-06-25,Portugal,Netherlands,1,0,FIFA World Cup,Nuremberg,Germany,True,2006,Round of 16,False,Europe,1,1
2006-06-26,Italy,Australia,1,0,FIFA World Cup,Kaiserslautern,Germany,True,2006,Round of 16,False,Europe,1,1
2006-06-26,Switzerland,Ukraine,0,0,FIFA World Cup,Cologne,Germany,True,2006,Round of 16,False,Europe,0,0
2006-06-27,Brazil,Ghana,3,0,FIFA World Cup,Dortmund,Germany,True,2006,Round of 16,False,Europe,3,3
2006-06-27,Spain,France,1,3,FIFA World Cup,Hanover,Germany,True,2006,Round of 16,False,Europe,-2,4
2006-06-30,Germany,Argentina,1,1,FIFA World Cup,Berlin,Germany,False,2006,Quarter-finals,False,Europe,0,2
2006-06-30,Italy,Ukraine,3,0,FIFA World Cup,Hamburg,Germany,True,2006,Quarter-finals,False,Europe,3,3
2006-07-01,Brazil,France,0,1,FIFA World Cup,Frankfurt am Main,Germany,True,2006,Quarter-finals,False,Europe,-1,1
2006-07-01,England,Portugal,0,0,FIFA World Cup,Gelsenkirchen,Germany,True,2006,Quarter-finals,False,Europe,0,0
2006-07-04,Germany,Italy,0,2,FIFA World Cup,Dortmund,Germany,False,2006,Semi-finals,False,Europe,-2,2
2006-07-05,Portugal,France,0,1,FIFA World Cup,Munich,Germany,True,2006,Semi-finals,False,Europe,-1,1
2006-07-08,Germany,Portugal,3,1,FIFA World Cup,Stuttgart,Germany,False,2006,Third place,False,Europe,2,4
2006-07-09,Italy,France,1,1,FIFA World Cup,Berlin,Germany,True,2006,Final,False,Europe,0,2
2010-06-11,South Africa,Mexico,1,1,FIFA World Cup,Johannesburg,South Africa,False,2010,Group A,True,Africa,0,2
2010-06-11,Uruguay,France,0,0,FIFA World Cup,Cape Town,South Africa,True,2010,Group A,True,Africa,0,0
2010-06-12,Argentina,Nigeria,1,0,FIFA World Cup,Johannesburg,South Africa,True,2010,Group B,True,Africa,1,1
2010-06-12,England,United States,1,1,FIFA World Cup,Rustenburg,South Africa,True,2010,Group C,True,Africa,0,2
2010-06-12,South Korea,Greece,2,0,FIFA World Cup,Port Elizabeth,South Africa,True,2010,Group B,True,Africa,2,2
2010-06-13,Algeria,Slovenia,0,1,FIFA World Cup,Polokwane,South Africa,True,2010,Group C,True,Africa,-1,1
2010-06-13,Germany,Australia,4,0,FIFA World Cup,Durban,South Africa,True,2010,Group D,True,Africa,4,4
2010-06-13,Serbia,Ghana,0,1,FIFA World Cup,Pretoria,South Africa,True,2010,Group D,True,Africa,-1,1
2010-06-14,Italy,Paraguay,1,1,FIFA World Cup,Cape Town,South Africa,True,2010,Group F,True,Africa,0,2
2010-06-14,Japan,Cameroon,1,0,FIFA World Cup,Bloemfontein,South Africa,True,2010,Group E,True,Africa,1,1
2010-06-14,Netherlands,Denmark,2,0,FIFA World Cup,Johannesburg,South Africa,True,2010,Group E,True,Africa,2,2
2010-06-15,Brazil,North Korea,2,1,FIFA World Cup,Johannesburg,South Africa,True,2010,Group G,True,Africa,1,3
2010-06-15,Ivory Coast,Portugal,0,0,FIFA World Cup,Port Elizabeth,South Africa,True,2010,Group G,True,Africa,0,0
2010-06-15,New Zealand,Slovakia,1,1,FIFA World Cup,Rustenburg,South Africa,True,2010,Group F,True,Africa,0,2
2010-06-16,Honduras,Chile,0,1,FIFA World Cup,Nelspruit,South Africa,True,2010,Group H,True,Africa,-1,1
2010-06-16,South Africa,Uruguay,0,3,FIFA World Cup,Pretoria,South Africa,False,2010,Group A,True,Africa,-3,3
2010-06-16,Spain,Switzerland,0,1,FIFA World Cup,Durban,South Africa,True,2010,Group H,True,Africa,-1,1
2010-06-17,Argentina,South Korea,4,1,FIFA World Cup,Johannesburg,South Africa,True,2010,Group B,True,Africa,3,5
2010-06-17,France,Mexico,0,2,FIFA World Cup,Polokwane,South Africa,True,2010,Group A,True,Africa,-2,2
2010-06-17,Greece,Nigeria,2,1,FIFA World Cup,Bloemfontein,South Africa,True,2010,Group B,True,Africa,1,3
2010-06-18,England,Algeria,0,0,FIFA World Cup,Cape Town,South Africa,True,2010,Group C,True,Africa,0,0
2010-06-18,Germany,Serbia,0,1,FIFA World Cup,Port Elizabeth,South Africa,True,2010,Group D,True,Africa,-1,1
2010-06-18,Slovenia,United States,2,2,FIFA World Cup,Johannesburg,South Africa,True,2010,Group C,True,Africa,0,4
2010-06-19,Cameroon,Denmark,1,2,FIFA World Cup,Pretoria,South Africa,True,2010,Group E,True,Africa,-1,3
2010-06-19,Ghana,Australia,1,1,FIFA World Cup,Rustenburg,South Africa,True,2010,Group D,True,Africa,0,2
2010-06-19,Netherlands,Japan,1,0,FIFA World Cup,Durban,South Africa,True,2010,Group E,True,Africa,1,1
2010-06-20,Brazil,Ivory Coast,3,1,FIFA World Cup,Johannesburg,South Africa,True,2010,Group G,True,Africa,2,4
2010-06-20,Italy,New Zealand,1,1,FIFA World Cup,Nelspruit,South Africa,True,2010,Group F,True,Africa,0,2
2010-06-20,Slovakia,Paraguay,0,2,FIFA World Cup,Bloemfontein,South Africa,True,2010,Group F,True,Africa,-2,2
2010-06-21,Chile,Switzerland,1,0,FIFA World Cup,Port Elizabeth,South Africa,True,2010,Group H,True,Africa,1,1
2010-06-21,Portugal,North Korea,7,0,FIFA World Cup,Cape Town,South Africa,True,2010,Group G,True,Africa,7,7
2010-06-21,Spain,Honduras,2,0,FIFA World Cup,Johannesburg,South Africa,True,2010,Group H,True,Africa,2,2
2010-06-22,Greece,Argentina,0,2,FIFA World Cup,Polokwane,South Africa,True,2010,Group B,True,Africa,-2,2
2010-06-22,Mexico,Uruguay,0,1,FIFA World Cup,Rustenburg,South Africa,True,2010,Group A,True,Africa,-1,1
2010-06-22,Nigeria,South Korea,2,2,FIFA World Cup,Durban,South Africa,True,2010,Group B,True,Africa,0,4
2010-06-22,South Africa,France,2,1,FIFA World Cup,Bloemfontein,South Africa,False,2010,Group A,True,Africa,1,3
2010-06-23,Australia,Serbia,2,1,FIFA World Cup,Nelspruit,South Africa,True,2010,Group D,True,Africa,1,3
2010-06-23,Ghana,Germany,0,1,FIFA World Cup,Johannesburg,South Africa,True,2010,Group D,True,Africa,-1,1
2010-06-23,Slovenia,England,0,1,FIFA World Cup,Port Elizabeth,South Africa,True,2010,Group C,True,Africa,-1,1
2010-06-23,United States,Algeria,1,0,FIFA World Cup,Pretoria,South Africa,True,2010,Group C,True,Africa,1,1
2010-06-24,Cameroon,Netherlands,1,2,FIFA World Cup,Cape Town,South Africa,True,2010,Group E,True,Africa,-1,3
2010-06-24,Denmark,Japan,1,3,FIFA World Cup,Rustenburg,South Africa,True,2010,Group E,True,Africa,-2,4
2010-06-24,Paraguay,New Zealand,0,0,FIFA World Cup,Polokwane,South Africa,True,2010,Group F,True,Africa,0,0
2010-06-24,Slovakia,Italy,3,2,FIFA World Cup,Johannesburg,South Africa,True,2010,Group F,True,Africa,1,5
2010-06-25,Chile,Spain,1,2,FIFA World Cup,Pretoria,South Africa,True,2010,Group H,True,Africa,-1,3
2010-06-25,North Korea,Ivory Coast,0,3,FIFA World Cup,Nelspruit,South Africa,True,2010,Group G,True,Africa,-3,3
2010-06-25,Portugal,Brazil,0,0,FIFA World Cup,Durban,South Africa,True,2010,Group G,True,Africa,0,0
2010-06-25,Switzerland,Honduras,0,0,FIFA World Cup,Bloemfontein,South Africa,True,2010,Group H,True,Africa,0,0
2010-06-26,Uruguay,South Korea,2,1,FIFA World Cup,Port Elizabeth,South Africa,True,2010,Round of 16,False,Africa,1,3
2010-06-26,United States,Ghana,1,2,FIFA World Cup,Rustenburg,South Africa,True,2010,Round of 16,False,Africa,-1,3
2010-06-27,Argentina,Mexico,3,1,FIFA World Cup,Johannesburg,South Africa,True,2010,Round of 16,False,Africa,2,4
2010-06-27,Germany,England,4,1,FIFA World Cup,Bloemfontein,South Africa,True,2010,Round of 16,False,Africa,3,5
2010-06-28,Brazil,Chile,3,0,FIFA World Cup,Johannesburg,South Africa,True,2010,Round of 16,False,Africa,3,3
2010-06-28,Netherlands,Slovakia,2,1,FIFA World Cup,Durban,South Africa,True,2010,Round of 16,False,Africa,1,3
2010-06-29,Paraguay,Japan,0,0,FIFA World Cup,Pretoria,South Africa,True,2010,Round of 16,False,Africa,0,0
2010-06-29,Spain,Portugal,1,0,FIFA World Cup,Cape Town,South Africa,True,2010,Round of 16,False,Africa,1,1
2010-07-02,Netherlands,Brazil,2,1,FIFA World Cup,Port Elizabeth,South Africa,True,2010,Quarter-finals,False,Africa,1,3
2010-07-02,Uruguay,Ghana,1,1,FIFA World Cup,Johannesburg,South Africa,True,2010,Quarter-finals,False,Africa,0,2
2010-07-03,Argentina,Germany,0,4,FIFA World Cup,Cape Town,South Africa,True,2010,Quarter-finals,False,Africa,-4,4
2010-07-03,Paraguay,Spain,0,1,FIFA World Cup,Johannesburg,South Africa,True,2010,Quarter-finals,False,Africa,-1,1
2010-07-06,Uruguay,Netherlands,2,3,FIFA World Cup,Cape Town,South Africa,True,2010,Semi-finals,False,Africa,-1,5
2010-07-07,Germany,Spain,0,1,FIFA World Cup,Durban,South Africa,True,2010,Semi-finals,False,Africa,-1,1
2010-07-10,Uruguay,Germany,2,3,FIFA World Cup,Port Elizabeth,South Africa,True,2010,Match for third place,False,Africa,-1,5
2010-07-11,Netherlands,Spain,0,1,FIFA World Cup,Johannesburg,South Africa,True,2010,Final,False,Africa,-1,1
2014-06-12,Brazil,Croatia,3,1,FIFA World Cup,São Paulo,Brazil,False,2014,Group A,True,South America,2,4
2014-06-13,Chile,Australia,3,1,FIFA World Cup,Cuiabá,Brazil,True,2014,Group B,True,South America,2,4
2014-06-13,Mexico,Cameroon,1,0,FIFA World Cup,Natal,Brazil,True,2014,Group A,True,South America,1,1
2014-06-13,Spain,Netherlands,1,5,FIFA World Cup,Salvador,Brazil,True,2014,Group B,True,South America,-4,6
2014-06-14,Colombia,Greece,3,0,FIFA World Cup,Belo Horizonte,Brazil,True,2014,Group C,True,South America,3,3
2014-06-14,England,Italy,1,2,FIFA World Cup,Manaus,Brazil,True,2014,Group D,True,South America,-1,3
2014-06-14,Ivory Coast,Japan,2,1,FIFA World Cup,Recife,Brazil,True,2014,Group C,True,South America,1,3
2014-06-14,Uruguay,Costa Rica,1,3,FIFA World Cup,Fortaleza,Brazil,True,2014,Group D,True,South America,-2,4
2014-06-15,Argentina,Bosnia-Herzegovina,2,1,FIFA World Cup,Rio de Janeiro,Brazil,True,2014,Group F,True,South America,1,3
2014-06-15,France,Honduras,3,0,FIFA World Cup,Porto Alegre,Brazil,True,2014,Group E,True,South America,3,3
2014-06-15,Switzerland,Ecuador,2,1,FIFA World Cup,Brasília,Brazil,True,2014,Group E,True,South America,1,3
2014-06-16,Germany,Portugal,4,0,FIFA World Cup,Salvador,Brazil,True,2014,Group G,True,South America,4,4
2014-06-16,Ghana,United States,1,2,FIFA World Cup,Natal,Brazil,True,2014,Group G,True,South America,-1,3
2014-06-16,Iran,Nigeria,0,0,FIFA World Cup,Curitiba,Brazil,True,2014,Group F,True,South America,0,0
2014-06-17,Belgium,Algeria,2,1,FIFA World Cup,Belo Horizonte,Brazil,True,2014,Group H,True,South America,1,3
2014-06-17,Brazil,Mexico,0,0,FIFA World Cup,Fortaleza,Brazil,False,2014,Group A,True,South America,0,0
2014-06-17,Russia,South Korea,1,1,FIFA World Cup,Cuiabá,Brazil,True,2014,Group H,True,South America,0,2
2014-06-18,Australia,Netherlands,2,3,FIFA World Cup,Curitiba,Brazil,True,2014,Group B,True,South America,-1,5
2014-06-18,Cameroon,Croatia,0,4,FIFA World Cup,Manaus,Brazil,True,2014,Group A,True,South America,-4,4
2014-06-18,Spain,Chile,0,2,FIFA World Cup,Rio de Janeiro,Brazil,True,2014,Group B,True,South America,-2,2
2014-06-19,Colombia,Ivory Coast,2,1,FIFA World Cup,Brasília,Brazil,True,2014,Group C,True,South America,1,3
2014-06-19,Japan,Greece,0,0,FIFA World Cup,Natal,Brazil,True,2014,Group C,True,South America,0,0
2014-06-19,Uruguay,England,2,1,FIFA World Cup,São Paulo,Brazil,True,2014,Group D,True,South America,1,3
2014-06-20,Honduras,Ecuador,1,2,FIFA World Cup,Curitiba,Brazil,True,2014,Group E,True,South America,-1,3
2014-06-20,Italy,Costa Rica,0,1,FIFA World Cup,Recife,Brazil,True,2014,Group D,True,South America,-1,1
2014-06-20,Switzerland,France,2,5,FIFA World Cup,Salvador,Brazil,True,2014,Group E,True,South America,-3,7
2014-06-21,Argentina,Iran,1,0,FIFA World Cup,Belo Horizonte,Brazil,True,2014,Group F,True,South America,1,1
2014-06-21,Germany,Ghana,2,2,FIFA World Cup,Fortaleza,Brazil,True,2014,Group G,True,South America,0,4
2014-06-21,Nigeria,Bosnia-Herzegovina,1,0,FIFA World Cup,Cuiabá,Brazil,True,2014,Group F,True,South America,1,1
2014-06-22,Belgium,Russia,1,0,FIFA World Cup,Rio de Janeiro,Brazil,True,2014,Group H,True,South America,1,1
2014-06-22,South Korea,Algeria,2,4,FIFA World Cup,Porto Alegre,Brazil,True,2014,Group H,True,South America,-2,6
2014-06-22,United States,Portugal,2,2,FIFA World Cup,Manaus,Brazil,True,2014,Group G,True,South America,0,4
2014-06-23,Australia,Spain,0,3,FIFA World Cup,Curitiba,Brazil,True,2014,Group B,True,South America,-3,3
2014-06-23,Brazil,Cameroon,4,1,FIFA World Cup,Brasília,Brazil,False,2014,Group A,True,South America,3,5
2014-06-23,Croatia,Mexico,1,3,FIFA World Cup,Recife,Brazil,True,2014,Group A,True,South America,-2,4
2014-06-23,Netherlands,Chile,2,0,FIFA World Cup,São Paulo,Brazil,True,2014,Group B,True,South America,2,2
2014-06-24,Costa Rica,England,0,0,FIFA World Cup,Belo Horizonte,Brazil,True,2014,Group D,True,South America,0,0
2014-06-24,Greece,Ivory Coast,2,1,FIFA World Cup,Fortaleza,Brazil,True,2014,Group C,True,South America,1,3
2014-06-24,Italy,Uruguay,0,1,FIFA World Cup,Natal,Brazil,True,2014,Group D,True,South America,-1,1
2014-06-24,Japan,Colombia,1,4,FIFA World Cup,Cuiabá,Brazil,True,2014,Group C,True,South America,-3,5
2014-06-25,Bosnia-Herzegovina,Iran,3,1,FIFA World Cup,Salvador,Brazil,True,2014,Group F,True,South America,2,4
2014-06-25,Ecuador,France,0,0,FIFA World Cup,Rio de Janeiro,Brazil,True,2014,Group E,True,South America,0,0
2014-06-25,Honduras,Switzerland,0,3,FIFA World Cup,Manaus,Brazil,True,2014,Group E,True,South America,-3,3
2014-06-25,Nigeria,Argentina,2,3,FIFA World Cup,Porto Alegre,Brazil,True,2014,Group F,True,South America,-1,5
2014-06-26,Algeria,Russia,1,1,FIFA World Cup,Curitiba,Brazil,True,2014,Group H,True,South America,0,2
2014-06-26,South Korea,Belgium,0,1,FIFA World Cup,São Paulo,Brazil,True,2014,Group H,True,South America,-1,1
2014-06-26,Portugal,Ghana,2,1,FIFA World Cup,Brasília,Brazil,True,2014,Group G,True,South America,1,3
2014-06-26,United States,Germany,0,1,FIFA World Cup,Recife,Brazil,True,2014,Group G,True,South America,-1,1
2014-06-28,Brazil,Chile,1,1,FIFA World Cup,Belo Horizonte,Brazil,False,2014,Round of 16,False,South America,0,2
2014-06-28,Colombia,Uruguay,2,0,FIFA World Cup,Rio de Janeiro,Brazil,True,2014,Round of 16,False,South America,2,2
2014-06-29,Costa Rica,Greece,1,1,FIFA World Cup,Recife,Brazil,True,2014,Round of 16,False,South America,0,2
2014-06-29,Netherlands,Mexico,2,1,FIFA World Cup,Fortaleza,Brazil,True,2014,Round of 16,False,South America,1,3
2014-06-30,France,Nigeria,2,0,FIFA World Cup,Brasília,Brazil,True,2014,Round of 16,False,South America,2,2
2014-06-30,Germany,Algeria,2,1,FIFA World Cup,Porto Alegre,Brazil,True,2014,Round of 16,False,South America,1,3
2014-07-01,Argentina,Switzerland,1,0,FIFA World Cup,São Paulo,Brazil,True,2014,Round of 16,False,South America,1,1
2014-07-01,Belgium,United States,2,1,FIFA World Cup,Salvador,Brazil,True,2014,Round of 16,False,South America,1,3
2014-07-04,Brazil,Colombia,2,1,FIFA World Cup,Fortaleza,Brazil,False,2014,Quarter-finals,False,South America,1,3
2014-07-04,France,Germany,0,1,FIFA World Cup,Rio de Janeiro,Brazil,True,2014,Quarter-finals,False,South America,-1,1
2014-07-05,Argentina,Belgium,1,0,FIFA World Cup,Brasília,Brazil,True,2014,Quarter-finals,False,South America,1,1
2014-07-05,Netherlands,Costa Rica,0,0,FIFA World Cup,Salvador,Brazil,True,2014,Quarter-finals,False,South America,0,0
2014-07-08,Brazil,Germany,1,7,FIFA World Cup,Belo Horizonte,Brazil,False,2014,Semi-finals,False,South America,-6,8
2014-07-09,Netherlands,Argentina,0,0,FIFA World Cup,São Paulo,Brazil,True,2014,Semi-finals,False,South America,0,0
2014-07-12,Brazil,Netherlands,0,3,FIFA World Cup,Brasília,Brazil,False,2014,Play-off for third place,False,South America,-3,3
2014-07-13,Germany,Argentina,1,0,FIFA World Cup,Rio de Janeiro,Brazil,True,2014,Final,False,South America,1,1
